"Ciliopathy","Abbreviation","OMIM Phenotype Number","Disease/Gene Reference","Human Gene ID","Human Gene Name","Gene MIM Number","Subcellular Localization","Localisation Reference","Synonym"
"Acrocallosal Syndrome","ACLS","200990","21552264",374654,"KIF7","611254","Cilia, Axoneme","19666503, 19592253","KIF7;KIF7;ENSG00000166813; ACLS; AGBK; HLS2; JBTS12; UNQ340"
"Al-Gazali-Bakalinova Syndrome","AGBK","607131","22587682",374654,"KIF7","611254","Cilia, Axoneme","19666503, 19592253","KIF7;KIF7;ENSG00000166813; ACLS; AGBK; HLS2; JBTS12; UNQ340"
"Alström Syndrome","ALMS","203800","17594715",7840,"ALMS1","606844","Basal Body","15855349","ALMS1;ALMS1;ENSG00000116127; ALSS"
"Ataxia-telangiectasia-like Disorder","ATLD1","604391","10612394, 11371508",4361,"MRE11","600814","Nucleoplasm","25613900","MRE11;MRE11;ENSG00000020922; ATLD; HNGS1; MRE11A; MRE11B"
"Ataxia-telangiectasia-like Disorder","ATLD2","615919","24911150",5111,"PCNA","176740","Nucleoplasm","25613900","PCNA;PCNA;ENSG00000132646; ATLD2"
"Autosomal Dominant Polycystic Kidney Disease","PKD1","173900","8004675",5310,"PKD1","601313","Cilia","12239239","PKD1;PKD1;ENSG00000008710; PBP; PC1; Pc-1; TRPP1"
"Autosomal Dominant Polycystic Kidney Disease","PKD2","613095","7825585, 11438989",5311,"PKD2","173910","Cilia","12239239, 12062067","PKD2;PKD2;ENSG00000118762; PC2; PKD4; Pc-2; APKD2; TRPP2"
"Autosomal Dominant Polycystic Kidney Disease","PKD3","600666","27259053",23193,"GANAB","104160","Endoplasmic reticulum","25613900","GANAB;GANAB;ENSG00000089597; G2AN; GIIA; PKD3; GLUII"
"Autosomal Dominant Polycystic Kidney Disease","PKD6","618061","29706351",51726,"DNAJB11","611341","Endoplasmic reticulum","25613900","DNAJB11;DNAJB11;ENSG00000090520; DJ9; EDJ; Dj-9; ERj3; PKD6; ABBP2; ERdj3; ERj3p; ABBP-2; UNQ537; PRO1080"
"Autosomal Recessive Polycystic Kidney Disease","PKD4","263200","15698423",5314,"PKHD1","606702","Basal Body","14983006","PKHD1;PKHD1;ENSG00000170927; FPC; FCYT; PKD4; ARPKD; TIGM1"
"Autosomal Recessive Polycystic Kidney Disease","PKD5","617610","28530676",199221,"DZIP1L","617570","Basal Body, Transition Zone","28530676","DZIP1L;DZIP1L;ENSG00000158163; PKD5; DZIP2"
"Autosomal Dominant Polycystic Kidney Disease","PKD","No MIM Number","34890546",9742,"IFT140","614620","Transition Zone, Axoneme","23141541","IFT140;IFT140;ENSG00000187535; RP80; MZSDS; SRTD9; WDTC2; gs114; c305C8.4; c380F5.1"
"Autosomal Dominant Polycystic Kidney Disease","PKD","No MIM Number","34886911",55856,"ACOT13","615652","Cell Junctions","25613900","ACOT13;ACOT13;ENSG00000112304; HT012; THEM2; PNAS-27"
"Autosomal Dominant Polycystic Kidney Disease","PKD","No MIM Number","34886911",5732,"PTGER2","176804","Not reported",NA,"PTGER2;PTGER2;ENSG00000125384; EP2"
"Autosomal Dominant Polycystic Kidney Disease","PKD","No MIM Number","31395617",79796,"ALG9","606941","Endoplasmic reticulum","25613900","ALG9;ALG9;ENSG00000086848; CDG1L; DIBD1; GIKANIS; LOH11CR1J"
"Autosomal Dominant Polycystic Kidney Disease","PKD","No MIM Number","34521872",192668,"CYS1","618713","Cilia","19850956",NA
"Polycystic Kidney Disease","PKD","No MIM Number","33012205",2735,"GLI1","165220","Cilia","21209912","GLI1;GLI1;ENSG00000111087; GLI; PPD1; PAPA8"
"Polycystic Kidney Disease","PKD","No MIM Number","32841164",5373,"PMM2","601785","Nucleoplasm,Cytosol","25613900","PMM2;PMM2;ENSG00000140650; PMI; CDG1; CDGS; PMI1; CDG1a; PMM 2"
"Polycystic Kidney Disease","PKD","No MIM Number","34469896",2778,"GNAS","139320","Cilia","27308425","GNAS;GNAS;ENSG00000087460; AHO; GSA; GSP; POH; GPSA; NESP; SCG6; SgVI; GNAS1; PITA3; C20orf45"
"Polycystic Kidney Disease","PKD","No MIM Number","34469896",5298,"PI4KB","602758","Golgi apparatus","25613900","PI4KB;PI4KB;ENSG00000143393; NPIK; PI4K92; PIK4CB; PI4KIII; PI4KBETA; PI4K-BETA; PI4KIIIBETA"
"Polycystic Kidney Disease","PKD","No MIM Number","34548398",92104,"TTC30A","No MIM Number","Basal Body","20534810","TTC30A;TTC30A;ENSG00000197557; FAP259; IFT70A; TTC30B"
"Polycystic Kidney Disease","PKD","No MIM Number","21821671",6774,"STAT3","102582","Nucleoplasm,Cytosol","25613900","STAT3;STAT3;ENSG00000168610; APRF; HIES; ADMIO; ADMIO1"
"Bilateral Polycystic Kidney Disease","PKD","No MIM Number","32238723",79809,"TTC21B","612014","Cilia","24876116","TTC21B;TTC21B;ENSG00000123607; ATD4; THM1; FAP60; FLA17; SRTD4; IFT139; JBTS11; NPHP12; IFT139B; Nbla10696"
"Infantile Polycystic Kidney Disease","PKD","No MIM Number","35076921",6928,"HNF1B","189907","Nucleoplasm,Vesicles","25613900","HNF1B;HNF1B;ENSG00000275410; T2D; FJHN; HNF2; LFB3; RCAD; TCF2; HPC11; LF-B3; MODY5; TCF-2; VHNF1; ADTKD3; HNF-1B; HNF1beta; HNF-1-beta"
"Bardet–Biedl Syndrome","BBS1","209900","9039982, 20177705",582,"BBS1","209901","Cilia","32759308","BBS1;BBS1;ENSG00000174483; BBS2L2"
"Bardet–Biedl Syndrome","BBS2","615981","19252258",583,"BBS2","606151","Cilia, Basal Body","18299575","BBS2;BBS2;ENSG00000125124; BBS; RP74"
"Bardet–Biedl Syndrome","BBS3","600151","15314642",84100,"ARL6","608845","Basal Body, Transition Zone","15314642","ARL6;ARL6;ENSG00000113966; BBS3; RP55"
"Bardet–Biedl Syndrome","BBS4","615982","12016587, 15654695",585,"BBS4","600374","Cilia, Basal Body","15107855, 17574030",NA
"Bardet–Biedl Syndrome","BBS5","615983","25982971",129880,"BBS5","603650","Cilia, Basal Body","15137946, 32759308",NA
"Bardet–Biedl Syndrome","BBS6","605231","10973238",8195,"MKKS","604896","Basal Body","19396898","MKKS;MKKS;ENSG00000125863; KMS; MKS; BBS6; HMCS"
"Bardet–Biedl Syndrome","BBS7","615984","12567324",55212,"BBS7","607590","Cilia, Basal Body","22302990","BBS7;BBS7;ENSG00000138686; BBS2L1"
"Bardet–Biedl Syndrome","BBS8","615985","14520415",123016,"TTC8","608132","Basal Body","14520415","TTC8;TTC8;ENSG00000165533; BBS8; RP51"
"Bardet–Biedl Syndrome","BBS9","615986","16380913, 33771153",27241,"BBS9","607968","Cilia","32759308","BBS9;BBS9;ENSG00000122507; B1; D1; C18; PTHB1"
"Bardet–Biedl Syndrome","BBS10","615987","16582908",79738,"BBS10","610148","Basal Body","19190184","BBS10;BBS10;ENSG00000179941; C12orf58"
"Bardet–Biedl Syndrome","BBS11","615988","16606853",22954,"TRIM32","602290","Intermediate filaments","25613900","TRIM32;TRIM32;ENSG00000119401; HT2A; BBS11; TATIP; LGMD2H; LGMDR8"
"Bardet–Biedl Syndrome","BBS12","615989","17160889, 19797195",166379,"BBS12","610683","Basal Body","19190184","BBS12;BBS12;ENSG00000181004; C4orf24"
"Bardet–Biedl Syndrome","BBS13","615990","18327255, 10.1371/journal.pone.0090599",54903,"MKS1","609883","Basal Body, Transition Zone","17185389, 18337471","MKS1;MKS1;ENSG00000011143; MES; MKS; BBS13; POC12; JBTS28"
"Bardet–Biedl Syndrome","BBS14","615991","18327255",80184,"CEP290","610142","Transition Zone","25859007","CEP290;CEP290;ENSG00000198707; CT87; MKS4; POC3; rd16; BBS14; JBTS5; LCA10; NPHP6; SLSN6; 3H11Ag"
"Bardet–Biedl Syndrome","BBS15","615992","20671153",51057,"WDPCP","613580","Transition Zone","24302887","WDPCP;WDPCP;ENSG00000143951; FRTZ; BBS15; FRITZ; CHDTHP; C2orf86; CPLANE5"
"Bardet–Biedl Syndrome","BBS16","615993","22190896, 22626039",10806,"SDCCAG8","613524","Basal Body, Transition Zone","20835237","SDCCAG8;SDCCAG8;ENSG00000054282; BBS16; CCCAP; SLSN7; NPHP10; hCCCAP; HSPC085; NY-CO-8; CCCAP SLSN7"
"Bardet–Biedl Syndrome","BBS17","615994","22510444, 23692385",54585,"LZTFL1","606568","Cilia","27312011","LZTFL1;LZTFL1;ENSG00000163818; BBS17"
"Bardet–Biedl Syndrome","BBS18","615995","24026985",92482,"BBIP1","613605","Cilia","19081074, 24026985","BBIP1;BBIP1;ENSG00000214413; BBS18; BBIP10; bA348N5.3; NCRNA00081"
"Bardet–Biedl Syndrome","BBS19","615996","24488770",11020,"IFT27","615870","Basal Body","17276912","IFT27;IFT27;ENSG00000100360; RAYL; BBS19; RABL4; FAP156"
"Bardet–Biedl Syndrome","BBS20","619471","25168386",26160,"IFT172","607386","Cilia, Axoneme","15137945, 24140113","IFT172;IFT172;ENSG00000138002; SLB; wim; RP71; BBS20; osm-1; NPHP17; SRTD10"
"Bardet–Biedl Syndrome","BBS21","617406","27008867, 26854863",157657,"C8orf37","614477","Cilia","22177090","CFAP418;C8orf37;ENSG00000156172; RP64; BBS21; MOT25; CORD16; FAP418; C8orf37; smalltalk"
"Bardet–Biedl Syndrome","BBS22","617119","27486776",80173,"IFT74","608040","Cilia","15024030","IFT74;IFT74;ENSG00000096872; CMG1; BBS22; CCDC2; CMG-1; JBTS40; SPGF58"
"Bardet–Biedl Syndrome","BBS","No MIM Number","35112343",79809,"TTC21B","612014","Cilia","24876116","TTC21B;TTC21B;ENSG00000123607; ATD4; THM1; FAP60; FLA17; SRTD4; IFT139; JBTS11; NPHP12; IFT139B; Nbla10696"
"Bardet–Biedl Syndrome","BBS","No MIM Number","32253632, 32055034",132320,"SCLT1","611399","Microtubules,Cytosol","25613900","SCLT1;SCLT1;ENSG00000151466; CAP1A; CAP-1A"
"Bazex-Dupré-Christol Syndrome","BZX","301845","33972689",139741,"ACTRT1","300487","Basal Body","33972689","ACTRT1;ACTRT1;ENSG00000123165; AIP1; ARIP1; ARPT1; HSD27"
"Biliary, Renal, Neurologic, and Skeletal Syndrome","BRENS","619534","34177428",79989,"TTC26","617453","Transition Zone","22718903","TTC26;TTC26;ENSG00000105948; BRENS; DYF13; IFT56; dyf-13"
"Birt-Hogg-Dubé Syndrome","BHD","135150","12204536, 23784378",201163,"FLCN","607273","Cilia","23784378","FLCN;FLCN;ENSG00000154803; BHD; FLCL; DENND8B"
"Caroli Disease","CD","600643","33685088",5314,"PKHD1","606702","Basal Body","14983006","PKHD1;PKHD1;ENSG00000170927; FPC; FCYT; PKD4; ARPKD; TIGM1"
"Carpenter Syndrome","CRPT1","201000","10.5336/medsci.2010-19822, 25168863",51715,"RAB23","606144","Cilia","26136363","RAB23;RAB23;ENSG00000112210; HSPC137"
"Carpenter Syndrome","CRPT2","614976","23063620",1954,"MEGF8","604267","Not reported",NA,"MEGF8;MEGF8;ENSG00000105429; SBP1; CRPT2; EGFL4; C19orf49"
"COACH Syndrome","COACH1","216360","19058225, 19574260",91147,"TMEM67","609884","Transition Zone","21725307","TMEM67;TMEM67;ENSG00000164953; MKS3; JBTS6; NPHP11; TNEM67; MECKELIN"
"COACH Syndrome","COACH2","619111","19574260",57545,"CC2D2A","612013","Basal Body, Transition Zone","18950740, 22179047","CC2D2A;CC2D2A;ENSG00000048342; MKS6; RP93; JBTS9; COACH2"
"COACH Syndrome","COACH3","619113","19574260",23322,"RPGRIP1L","610937","Transition Zone","21565611","RPGRIP1L;RPGRIP1L;ENSG00000103494; FTM; MKS5; CORS3; JBTS7; NPHP8; COACH3; PPP1R134"
"COACH Syndrome","COACH","No MIM Number","33580824",5373,"PMM2","601785","Nucleoplasm,Cytosol","25613900","PMM2;PMM2;ENSG00000140650; PMI; CDG1; CDGS; PMI1; CDG1a; PMM 2"
"Complex Lethal Osteochondrodysplasia","OCLSBG","616897","26365339",202018,"TAPT1","612758","Basal Body","26365339","TAPT1;TAPT1;ENSG00000169762; CMVFR; OCLSBG"
"Cone-Rod Dystrophy","CORD2","120970","9390563",1406,"CRX","602225","Not reported",NA,"CRX;CRX;ENSG00000105392; CRD; LCA7; OTX3; CORD2"
"Cone-Rod Dystrophy","CORD3","604116","12037008",24,"ABCA4","601691","Cytosol","25613900","ABCA4;ABCA4;ENSG00000198691; FFM; RMP; ABCR; RP19; STGD; ABC10; ARMD2; CORD3; STGD1"
"Cone-Rod Dystrophy","CORD4","613093","19615668",5146,"PDE6C","600827","Cilia","25461672","PDE6C;PDE6C;ENSG00000095464; COD4; ACHM5; PDEA2"
"Cone-Rod Dystrophy","CORD5","600977","8586428, 17377520",83394,"PITPNM3","608921","Plasma membrane","25613900","PITPNM3;PITPNM3;ENSG00000091622; NIR1; ACKR6; CORD5; RDGBA3"
"Cone-Rod Dystrophy","CORD6","601777","10647719",3000,"GUCY2D","600179","Cilia","10.1101/2020.12.15.417840","GUCY2D;GUCY2D;ENSG00000132518; LCA; CG-E; CYGD; LCA1; RCD2; CACD1; CORD5; CORD6; GUC2D; ROSGC; retGC; CSNB1I; GUC1A4; RETGC-1; ROS-GC1"
"Cone-Rod Dystrophy","CORD7","603649","9634506, 12659814",22999,"RIMS1","606629","Not reported",NA,"RIMS1;RIMS1;ENSG00000079841; RIM; RIM1; CORD7; RAB3IP2"
"Cone-Rod Dystrophy","CORD9","612775","19409519",8754,"ADAM9","602713","Ciliary Membrane","24748648","ADAM9;ADAM9;ENSG00000168615; MCMP; MDC9; CORD9; Mltng"
"Cone-Rod Dystrophy","CORD10","610283","16199541",64218,"SEMA4A","607292","Not reported",NA,"SEMA4A;SEMA4A;ENSG00000196189; RP35; SEMB; SEMAB; CORD10"
"Cone-Rod Dystrophy","CORD11","610381","25789692",84839,"RAX2","610362","Nucleoplasm,Nuclear speckles,Cytosol","25613900","RAX2;RAX2;ENSG00000173976; QRX; ARMD6; RAXL1; CORD11"
"Cone-Rod Dystrophy","CORD12","612657","26702251",8842,"PROM1","604365","Not reported",NA,"PROM1;PROM1;ENSG00000007062; RP41; AC133; CD133; MCDR2; STGD4; CORD12; PROML1; MSTP061"
"Cone-Rod Dystrophy","CORD13","608194","12920076",57096,"RPGRIP1","605446","Basal Body","15772089","RPGRIP1;RPGRIP1;ENSG00000092200; LCA6; RGI1; RGRIP; CORD13; RPGRIP; RPGRIP1d"
"Cone-Rod Dystrophy","CORD14","602093","15953638, 15790869",2978,"GUCA1A","600364","Plasma membrane","25613900","GUCA1A;GUCA1A;ENSG00000048545; COD3; GCAP; GUCA; GCAP1; GUCA1; CORD14; C6orf131"
"Cone-Rod Dystrophy","CORD15","613660","20805371",92211,"CDHR1","609502","Cilia","33330480","CDHR1;CDHR1;ENSG00000148600; RP65; PRCAD; CORD15; PCDH21"
"Cone-Rod Dystrophy","CORD16","614500","22177090",157657,"C8orf37","614477","Cilia","22177090","CFAP418;C8orf37;ENSG00000156172; RP64; BBS21; MOT25; CORD16; FAP418; C8orf37; smalltalk"
"Cone-Rod Dystrophy","CORD18","615374","23746546",9364,"RAB28","612994","Cilia, Basal Body","23746546, 27930654","RAB28;RAB28;ENSG00000157869; CORD18"
"Cone-Rod Dystrophy","CORD19","615860","24791901",23093,"TTLL5","612268","Cilia","24791901","TTLL5;TTLL5;ENSG00000119685; STAMP; CORD19; KIAA0998"
"Cone-Rod Dystrophy","CORD20","615973","24945461",282809,"POC1B","614784","Basal Body","25044745","POC1B;POC1B;ENSG00000139323; PIX1; CORD20; TUWD12; WDR51B"
"Cone-Rod Dystrophy","CORD21","616502","25983245",128338,"DRAM2","613360","Golgi apparatus,Vesicles","25613900","DRAM2;DRAM2;ENSG00000156171; CORD21; PRO180; TMEM77; WWFQ154"
"Cone-Rod Dystrophy","CORD22","619531","33077892",83723,"TLCD3B","615175","Not reported",NA,"TLCD3B;TLCD3B;ENSG00000149926; CORD22; FAM57B; FP1188"
"Cone-Rod Dystrophy","CORDX1","304020","11875055, 11857109",6103,"RPGR","312610","Transition Zone, Basal Body, Axoneme","12766038, 16043481","RPGR;RPGR;ENSG00000156313; CRD; RP3; COD1; PCDX; RP15; XLRP3; orf15; CORDX1"
"Cone-Rod Dystrophy","CORDX3","300476","16505158",778,"CACNA1F","300110","Not reported",NA,"CACNA1F;CACNA1F;ENSG00000102001; JM8; OA2; AIED; COD3; COD4; JMC8; CORDX; CSNB2; CORDX3; CSNB2A; CSNBX2; Cav1.4; Cav1.4alpha1"
"Cone-Rod Dystrophy","CORD","No MIM Number","33124039",89891,"DYNC2I2","613363","Cilia","25205765","DYNC2I2;DYNC2I2;ENSG00000119333; DIC5; WDR34; FAP133; SRTD11; CFAP133; bA216B9.3"
"Congenital Heart Disease","HDCA","600001","22158542, 22962692",2627,"GATA6","601656","Nucleoplasm","25613900",NA
"Cornelia de Lange Syndrome","CDLS1","122470","15146185, 15146186",25836,"NIPBL","608667","Nucleoplasm,Vesicles,Cytosol","25613900","NIPBL;NIPBL;ENSG00000164190; CDLS; IDN3; Scc2; CDLS1; IDN3-B"
"Cornelia de Lange Syndrome","CDLS2","300590","16604071, 17273969",8243,"SMC1A","300040","Cilia","16043481","SMC1A;SMC1A;ENSG00000072501; SMC1; SMCB; CDLS2; DEE85; SB1.8; EIEE85; SMC1L1; DXS423E; SMC1alpha"
"Cornelia de Lange Syndrome","CDLS3","610759","17273969",9126,"SMC3","606062","Cilia","16043481","SMC3;SMC3;ENSG00000108055; BAM; BMH; HCAP; CDLS3; CSPG6; SMC3L1"
"Cornelia de Lange Syndrome","CDLS4","614701","22633399",5885,"RAD21","606462","Nucleoplasm","25613900","RAD21;RAD21;ENSG00000164754; MGS; HR21; MCD1; NXP1; SCC1; CDLS4; hHR21; HRAD21"
"Cornelia de Lange Syndrome","CDLS5","300882","22885700",55869,"HDAC8","300269","Not reported",NA,"HDAC8;HDAC8;ENSG00000147099; HD8; WTS; RPD3; CDA07; CDLS5; KDAC8; MRXS6; HDACL1"
"Cornelia de Lange Syndrome",NA,"No MIM Number","25652421",29123,"ANKRD11","611192","Nucleoplasm,Cytosol","25613900","ANKRD11;ANKRD11;ENSG00000167522; T13; LZ16; ANCO1; ANCO-1"
"Cornelia de Lange Syndrome",NA,NA,"31168063",23476,"BRD4","608749","Nucleoplasm","25613900","BRD4;BRD4;ENSG00000141867; CAP; MCAP; HUNK1; HUNKI"
"Cranioectodermal Dysplasia","CED1","218330","20493458",55764,"IFT122","606045","Cilia","15137945","IFT122;IFT122;ENSG00000163913; CED; SPG; CED1; FAP80; WDR10; WDR10p; WDR140"
"Cranioectodermal Dysplasia","CED2","613610","20817137",57539,"WDR35","613602","Transisiton Zone, Basal Body, Axoneme","15137945, 10.1016/j.mod.2009.06.702","WDR35;WDR35;ENSG00000118965; CED2; IFTA1; SRTD7; FAP118; IFT121"
"Cranioectodermal Dysplasia","CED3","614099","21378380",112752,"IFT43","614068","Basal Body","25243405","IFT43;IFT43;ENSG00000119650; CED3; RP81; SRTD18; C14orf179"
"Cranioectodermal Dysplasia","CED4","614378","22019273",57728,"WDR19","608151","Axoneme","22019273","WDR19;WDR19;ENSG00000157796; ATD5; CED4; DYF-2; FAP66; ORF26; Oseg6; PWDMP; SRTD5; IFT144; NPHP13; SPGF72"
"Cranioectodermal Dysplasia",NA,"No MIM Number","26880018",51098,"IFT52","617094","Basal Body","11676918","IFT52;IFT52;ENSG00000101052; NGD2; NGD5; CGI-53; C20orf9"
"Cranioectodermal Dysplasia",NA,"No MIM Number","28288023",9742,"IFT140","614620","Transition Zone, Axoneme","23141541","IFT140;IFT140;ENSG00000187535; RP80; MZSDS; SRTD9; WDTC2; gs114; c305C8.4; c380F5.1"
"Ellis-van Creveld Syndrome","EVC","225500","17024374, 23220543",2121,"EVC","604831","Cilia, Basal Body","21356043","EVC;EVC;ENSG00000072840; EVC1; EVCL; DWF-1"
"Ellis-van Creveld Syndrome","EVC","225500","12468274, 17024374, 23220543",132884,"EVC2","607261","Cilia, Basal Body","21356043","EVC2;EVC2;ENSG00000173040; LBN; WAD"
"Greig Cephalopolysyndactyly Syndrome","GCPS","175700","9302279",2737,"GLI3","165240","Cilia","16254602","GLI3;GLI3;ENSG00000106571; PHS; ACLS; GCPS; PAPA; PAPB; PAP-A; PAPA1; PPDIV; GLI3FL; GLI3-190"
"Holoprosencephaly","HPE2","157170","10369266, 17001667",6496,"SIX3","603714","Nucleoplasm","25613900","SIX3;SIX3;ENSG00000138083; HPE2"
"Holoprosencephaly","HPE3","142945","8896572, 11479728, 11941477",6469,"SHH","600725","Cilia","17641202","SHH;SHH;ENSG00000164690; TPT; HHG1; HLP3; HPE3; SMMCI; ShhNC; TPTPS; MCOPCB5"
"Holoprosencephaly","HPE4","142946","10835638, 16323008",7050,"TGIF1","602630","Nucleoplasm","25613900","TGIF1;TGIF1;ENSG00000177426; HPE4; TGIF"
"Holoprosencephaly","HPE5","609637","9771712",7546,"ZIC2","603073","Nuclear bodies","25613900","ZIC2;ZIC2;ENSG00000043355; HPE5"
"Holoprosencephaly","HPE7","610828","11941477, 17001668",5727,"PTCH1","601309","Cilia","17641202","PTCH1;PTCH1;ENSG00000185920; PTC; BCNS; PTC1; PTCH; NBCCS"
"Holoprosencephaly","HPE9","610829","14581620",2736,"GLI2","165230","Cilia","16254602","GLI2;GLI2;ENSG00000074047; CJS; HPE9; PHS2; THP1; THP2"
"Holoprosencephaly","HPE11","614226","21802063",50937,"CDON","608707","Not reported",NA,"CDON;CDON;ENSG00000064309; CDO; Ihog; CDON1; HPE11; ORCAM"
"Holoprosencephaly","HPE12","618500","31006513",23019,"CNOT1","604917","Cytosol","25613900","CNOT1;CNOT1;ENSG00000125107; NOT1; CDC39; HPE12; NOT1H; VIBOS; AD-005"
"Holoprosencephaly","HPE13","301043","31334757",10735,"STAG2","300826","Nucleoplasm,Nucleoli,Nucleoli fibrillar center","25613900","STAG2;STAG2;ENSG00000101972; SA2; MKMS; SA-2; HPE13; SCC3B; NEDXCF; bA517O1.1"
"Hydrolethalus Syndrome","HLS1","236680","15843405",219844,"HYLS1","610693","Basal Body","32509774","HYLS1;HYLS1;ENSG00000198331; HLS"
"Hydrolethalus Syndrome","HLS2","614120","21552264",374654,"KIF7","611254","Cilia, Axoneme","19666503, 19592253","KIF7;KIF7;ENSG00000166813; ACLS; AGBK; HLS2; JBTS12; UNQ340"
"Joubert Syndrome","JBTS1","213300","19668216, 23386033",56623,"INPP5E","613037","Cilia, Axoneme","19668216, 19668216","INPP5E;INPP5E;ENSG00000148384; CPD4; CORS1; JBTS1; MORMS; PPI5PIV; pharbin"
"Joubert Syndrome","JBTS2","608091","20036350",51259,"TMEM216","613277","Cilia, Basal Body","20512146","TMEM216;TMEM216;ENSG00000187049; HSPC244"
"Joubert Syndrome","JBTS3","608629","15786477",54806,"AHI1","608894","Transition Zone, Axoneme","20592197","AHI1;AHI1;ENSG00000135541; ORF1; AHI-1; JBTS3; dJ71N10.1"
"Joubert Syndrome","JBTS4","609583","15138899",4867,"NPHP1","607100","Transition Zone","21565611","NPHP1;NPHP1;ENSG00000144061; NPH1; JBTS4; SLSN1"
"Joubert Syndrome","JBTS5","610188","16682970",80184,"CEP290","610142","Transition Zone","25859007","CEP290;CEP290;ENSG00000198707; CT87; MKS4; POC3; rd16; BBS14; JBTS5; LCA10; NPHP6; SLSN6; 3H11Ag"
"Joubert Syndrome","JBTS6","610688","17160906",91147,"TMEM67","609884","Transition Zone","21725307","TMEM67;TMEM67;ENSG00000164953; MKS3; JBTS6; NPHP11; TNEM67; MECKELIN"
"Joubert Syndrome","JBTS7","611560","17558409",23322,"RPGRIP1L","610937","Transition Zone","21565611","RPGRIP1L;RPGRIP1L;ENSG00000103494; FTM; MKS5; CORS3; JBTS7; NPHP8; COACH3; PPP1R134"
"Joubert Syndrome","JBTS8","612291","18674751, 25138100",200894,"ARL13B","608922","Ciliary Membrane","20231383","ARL13B;ARL13B;ENSG00000169379; JBTS8; ARL2L1"
"Joubert Syndrome","JBTS9","612285","22241855",57545,"CC2D2A","612013","Basal Body, Transition Zone","18950740, 22179047","CC2D2A;CC2D2A;ENSG00000048342; MKS6; RP93; JBTS9; COACH2"
"Joubert Syndrome","JBTS10","300804","19800048",8481,"OFD1","300170","Basal Body, Transition Zone","15466260, 26068394","OFD1;OFD1;ENSG00000046651; RP23; 71-7A; SGBS2; CXorf5; JBTS10"
"Joubert Syndrome","JBTS11","613820","21258341",79809,"TTC21B","612014","Cilia","24876116","TTC21B;TTC21B;ENSG00000123607; ATD4; THM1; FAP60; FLA17; SRTD4; IFT139; JBTS11; NPHP12; IFT139B; Nbla10696"
"Joubert Syndrome","JBTS12","200990","21633164",374654,"KIF7","611254","Cilia, Axoneme","19666503, 19592253","KIF7;KIF7;ENSG00000166813; ACLS; AGBK; HLS2; JBTS12; UNQ340"
"Joubert Syndrome","JBTS13","614173","21725307",79600,"TCTN1","609863","Transition Zone","21725307","TCTN1;TCTN1;ENSG00000204852; TECT1; JBTS13"
"Joubert Syndrome","JBTS14","614424","22152675",65062,"TMEM237","614423","Transition Zone","22152675","TMEM237;TMEM237;ENSG00000155755; JBTS14; ALS2CR4"
"Joubert Syndrome","JBTS15","614464","22246503",95681,"CEP41","610523","Cilia, Basal Body","22246503","CEP41;CEP41;ENSG00000106477; JBTS15; TSGA14"
"Joubert Syndrome","JBTS16","614465","22282472",51524,"TMEM138","614459","Cilia, Axoneme","22282472","TMEM138;TMEM138;ENSG00000149483; HSPC196"
"Joubert Syndrome","JBTS17","614615","22425360",65250,"CPLANE1","614571","Cilia, Basal Body","27158779","CPLANE1;CPLANE1;ENSG00000197603; Hug; OFD6; JBTS17; C5orf42"
"Joubert Syndrome","JBTS18","614815","22883145",26123,"TCTN3","613847","Transition Zone","21725307","TCTN3;TCTN3;ENSG00000119977; OFD4; TECT3; JBTS18; C10orf61"
"Joubert Syndrome","JBTS19","614844","22863007",23090,"ZNF423","604557","Nucleoplasm","25613900","ZNF423;ZNF423;ENSG00000102935; OAZ; Roaz; hOAZ; Ebfaz; JBTS19; NPHP14; ZFP423; Zfp104"
"Joubert Syndrome","JBTS20","614970","23012439",79583,"TMEM231","614949","Basal Body, Transition Zone","22179047","TMEM231;TMEM231;ENSG00000205084; MKS11; JBTS20; ALYE870; PRO1886"
"Joubert Syndrome","JBTS21","615636","24360807",79848,"CSPP1","611654","Axoneme, Basal Body","20519441","CSPP1;CSPP1;ENSG00000104218; CSPP; CSPP-L; JBTS21"
"Joubert Syndrome","JBTS22","615665","24166846, 30423442",5147,"PDE6D","602676","Basal Body","24166846","PDE6D;PDE6D;ENSG00000156973; PDED; JBTS22"
"Joubert Syndrome","JBTS23","616490","26096313",9786,"KIAA0586","610178","Basal Body","26386247","KIAA0586;KIAA0586;ENSG00000100578; JBTS23; SRTD14; Talpid3"
"Joubert Syndrome","JBTS24","616654","25118024",79867,"TCTN2","613846","Transition Zone","21725307","TCTN2;TCTN2;ENSG00000168778; MKS8; TECT2; JBTS24; C12orf38"
"Joubert Syndrome","JBTS25","616781","26477546",9731,"CEP104","616690","Cilia","23970417","CEP104;CEP104;ENSG00000116198; GlyBP; ROC22; JBTS25; CFAP256; KIAA0562"
"Joubert Syndrome","JBTS26","616784","26714646",23247,"KATNIP","616650","Basal Body","26714646","KATNIP;KATNIP;ENSG00000047578; JBTS26; KIAA0556"
"Joubert Syndrome","JBTS27","617120","24886560",27077,"B9D1","614144","Transition Zone","18337471","B9D1;B9D1;ENSG00000108641; B9; MKS9; EPPB9; MKSR1; JBTS27; MKSR-1"
"Joubert Syndrome","JBTS28","617121","24886560",54903,"MKS1","609883","Basal Body, Transition Zone","17185389, 18337471","MKS1;MKS1;ENSG00000011143; MES; MKS; BBS13; POC12; JBTS28"
"Joubert Syndrome","JBTS29","617562","26595381",84314,"TMEM107","616183","Transition Zone","26595381","TMEM107;TMEM107;ENSG00000179029; MKS13; JBTS29; GRVS638; PRO1268"
"Joubert Syndrome","JBTS30","617622","28625504",80210,"ARMC9","617612","Cilia, Basal Body","28625504, 29459677","ARMC9;ARMC9;ENSG00000135931; ARM; NS21; JBTS30; KU-MEL-1"
"Joubert Syndrome","JBTS31","617761","27208211",153241,"CEP120","613446","Basal Body","20956381","CEP120;CEP120;ENSG00000168944; JBTS31; SRTD13; CCDC100"
"Joubert Syndrome","JBTS32","617757","10.1016/j.ajhg.2017.08.017",51684,"SUFU","607035","Cilia","16254602","SUFU;SUFU;ENSG00000107882; SUFUH; JBTS32; SUFUXL; PRO1280"
"Joubert Syndrome","JBTS33","617767","29695797",10464,"PIBF1","607532","Centriolar satellite","25613900","PIBF1;PIBF1;ENSG00000083535; PIBF; CEP90; JBTS33; C13orf24"
"Joubert Syndrome","JBTS34","614175","26092869",80776,"B9D2","611951","Transition Zone","18337471","B9D2;B9D2;ENSG00000123810; MKS10; MKSR2; ICIS-1; JBTS34; MKSR-2"
"Joubert Syndrome","JBTS35","618161","30269812",403,"ARL3","604695","Cilia","30952667","ARL3;ARL3;ENSG00000138175; RP83; ARFL3; JBTS35"
"Joubert Syndrome","JBTS36","618763","30905400",317662,"FAM149B1","618413","Cilia","30905400","FAM149B1;FAM149B1;ENSG00000138286; JBTS36; KIAA0974"
"Joubert Syndrome","JBTS37","619185","32453716",23116,"TOGARAM1","617618","Cilia","32453716","TOGARAM1;TOGARAM1;ENSG00000198718; JBTS37; FAM179B; KIAA0423"
"Joubert Syndrome","JBTS38","619476","28220259",9851,"KIAA0753","617112","Centrosome,Cytosol","25613900","KIAA0753;KIAA0753;ENSG00000198920; MNR; OFIP; JBTS38; SRTD21"
"Joubert Syndrome","JBTS39","619562","33791682",219854,"TMEM218","619285","Transition Zone","26982032","TMEM218;TMEM218;ENSG00000150433; JBTS39"
"Joubert Syndrome","JBTS40","619582","33531668, 34539760",80173,"IFT74","608040","Cilia","15024030","IFT74;IFT74;ENSG00000096872; CMG1; BBS22; CCDC2; CMG-1; JBTS40; SPGF58"
"Joubert Syndrome","JBTS","No MIM Number","33131181",25776,"CBY1","607757","Basal Body","25103236","CBY1;CBY1;ENSG00000100211; CBY; arb1; PGEA1; C22orf2; Chibby1; PIGEA14; PIGEA-14; HS508I15A"
"Joubert Syndrome","JBTS","No MIM Number","34205586",54862,"CC2D1A","610055","Nucleoli fibrillar center,Plasma membrane,Cytosol","25613900","CC2D1A;CC2D1A;ENSG00000132024; Lgd2; MRT3; TAPE; Aki-1; FREUD-1; Freud-1/Aki1"
"Joubert Syndrome","JBTS","No MIM Number","27894351",85444,"LRRCC1","617791","Centrosome","25613900","LRRCC1;LRRCC1;ENSG00000133739; SAP2; VFL1; CLERC; CLERK"
"Joubert Syndrome","JBTS","No MIM Number","34750010",56999,"ADAMTS9","605421","Cilia","30814516",NA
"Joubert Syndrome","JBTS","No MIM Number","34423300",284217,"LAMA1","150320","Not reported",NA,"LAMA1;LAMA1;ENSG00000101680; LAMA; PTBHS; S-LAM-alpha"
"Juvenile Myoclonic Epilepsy","EJM1","254770","15258581",114327,"EFHC1","608815","Axoneme","26783883","EFHC1;EFHC1;ENSG00000096093; EJM1; POC9; RIB72; dJ304B14.2"
"Juvenile Myoclonic Epilepsy","EJM5","611136","11992121",2554,"GABRA1","137160","Nucleoplasm,Plasma membrane","25613900","GABRA1;GABRA1;ENSG00000022355; EJM; ECA4; EJM5; DEE19; EIEE19"
"Juvenile Myoclonic Epilepsy","EJM6","607682","10762541",785,"CACNB4","601949","Not reported",NA,"CACNB4;CACNB4;ENSG00000182389; EA5; EJM; CAB4; EIG9; EJM4; EJM6; CACNLB4"
"Juvenile Myoclonic Epilepsy","EJM7","613060","15115768",2563,"GABRD","137163","Golgi apparatus,Vesicles","25613900","GABRD;GABRD;ENSG00000187730; EJM7; EIG10; GEFSP5"
"Juvenile Myoclonic Epilepsy","EJM8","607628","19710717",1181,"CLCN2","600570","Cytosol","25613900","CLCN2;CLCN2;ENSG00000114859; CLC2; ECA2; ECA3; EGI3; EGMA; EJM6; EJM8; CIC-2; EGI11; HALD2; LKPAT; clC-2"
"Juvenile Myoclonic Epilepsy","EJM10","617924","29539279",22858,"ICK","612325","Cilia","24797473","CILK1;ICK;ENSG00000112144; ECO; ICK; MRK; LCK2; hICK; EJM10"
"Kallmann syndrome","KLM","308750","29263200",55717,"WDR11","606417","Cilia","29263200","WDR11;WDR11;ENSG00000120008; DR11; HH14; SRI1; BRWD2; WDR15"
"Laurence–Moon Syndrome","LNMS","245800","25480986",10908,"PNPLA6","603197","Endoplasmic reticulum,Cytosol","25613900","PNPLA6;PNPLA6;ENSG00000032444; NTE; sws; BNHS; LNMS; OMCS; SPG39; NTEMND; iPLA2delta"
"Leber Congenital Amaurosis","LCA1","204000","23035049",3000,"GUCY2D","600179","Cilia","10.1101/2020.12.15.417840","GUCY2D;GUCY2D;ENSG00000132518; LCA; CG-E; CYGD; LCA1; RCD2; CACD1; CORD5; CORD6; GUC2D; ROSGC; retGC; CSNB1I; GUC1A4; RETGC-1; ROS-GC1"
"Leber Congenital Amaurosis","LCA2","204100","12960219, 14962443",6121,"RPE65","180069","Not reported",NA,"RPE65;RPE65;ENSG00000116745; p63; BCO3; LCA2; RP20; rd12; mRPE65; sRPE65"
"Leber Congenital Amaurosis","LCA3","604232","21310915",55812,"SPATA7","609868","Cilia","25398945","SPATA7;SPATA7;ENSG00000042317; HSD3; LCA3; RP94; HSD-3.1; HEL-S-296"
"Leber Congenital Amaurosis","LCA4","604393","16272259",23746,"AIPL1","604392","Cilia","25799540","AIPL1;AIPL1;ENSG00000129221; LCA4; AIPL2"
"Leber Congenital Amaurosis","LCA5","604537","12642313",167691,"LCA5","611408","Cilia","17546029","LCA5;LCA5;ENSG00000135338; C6orf152"
"Leber Congenital Amaurosis","LCA6","613826","11528500",57096,"RPGRIP1","605446","Basal Body","15772089","RPGRIP1;RPGRIP1;ENSG00000092200; LCA6; RGI1; RGRIP; CORD13; RPGRIP; RPGRIP1d"
"Leber Congenital Amaurosis","LCA7","613829","9537410, 12208271",1406,"CRX","602225","Not reported",NA,"CRX;CRX;ENSG00000105392; CRD; LCA7; OTX3; CORD2"
"Leber Congenital Amaurosis","LCA8","613835","11231775",23418,"CRB1","604210","Vesicles","25613900","CRB1;CRB1;ENSG00000134376; LCA8; RP12; CRB1-A; CRB1-B; CRB1-C"
"Leber Congenital Amaurosis","LCA9","608553","22842230",64802,"NMNAT1","608700","Basal Body","29674119","NMNAT1;NMNAT1;ENSG00000173614; LCA9; NMNAT; PNAT1; SHILCA"
"Leber Congenital Amaurosis","LCA10","611755","16909394",80184,"CEP290","610142","Transition Zone","25859007","CEP290;CEP290;ENSG00000198707; CT87; MKS4; POC3; rd16; BBS14; JBTS5; LCA10; NPHP6; SLSN6; 3H11Ag"
"Leber Congenital Amaurosis","LCA11","613837","16384941",3614,"IMPDH1","146690","Cytosol,Rods & Rings","25613900","IMPDH1;IMPDH1;ENSG00000106348; IMPD; RP10; IMPD1; LCA11; IMPDH-I; sWSS2608"
"Leber Congenital Amaurosis","LCA12","610612","17186464",343035,"RD3","180040","Not reported",NA,"RD3;RD3;ENSG00000198570; LCA12; C1orf36"
"Leber Congenital Amaurosis","LCA13","612712","17197551",145226,"RDH12","608830","Not reported",NA,"RDH12;RDH12;ENSG00000139988; RP53; LCA13; SDR7C2"
"Leber Congenital Amaurosis","LCA14","613341","17011878",9227,"LRAT","604863","Endoplasmic reticulum,Golgi apparatus","25613900","LRAT;LRAT;ENSG00000121207; LCA14"
"Leber Congenital Amaurosis","LCA15","613843","15024725, 17962469",7287,"TULP1","602280","Cilia","16303976","TULP1;TULP1;ENSG00000112041; RP14; LCA15; TUBL1"
"Leber Congenital Amaurosis","LCA16","614186","25921210",3769,"KCNJ13","603208","Nuclear membrane","25613900","KCNJ13;KCNJ13;ENSG00000115474; SVD; LCA16; KIR1.4; KIR7.1"
"Leber Congenital Amaurosis","LCA17","615360","23307924",392255,"GDF6","601147","Nucleoplasm,Nuclear membrane,Vesicles","25613900","GDF6;GDF6;ENSG00000156466; KFM; KFS; KFS1; KFSL; SGM1; BMP13; CDMP2; SYNS4; BMP-13"
"Leber Congenital Amaurosis","LCA18","608133","23847139",5961,"PRPH2","179605","Cilia","30819798","PRPH2;PRPH2;ENSG00000112619; DS; RDS; RP7; rd2; AVMD; PRPH; AOFMD; CACD2; MDBS1; TSPAN22"
"Leber Congenital Amaurosis","LCA19","618513","30573563",85015,"USP45","618439","Nucleoplasm,Cytosol","25613900","USP45;USP45;ENSG00000123552; LCA19"
"Leber Congenital Amaurosis","LCA","No MIM Number","20881296",9657,"IQCB1","609237","Transition Zone","15723066","IQCB1;IQCB1;ENSG00000173226; PIQ; NPHP5; SLSN5"
"Leber Congenital Amaurosis","LCA","No MIM Number","33711342",56623,"INPP5E","613037","Cilia, Axoneme","19668216, 19668216","INPP5E;INPP5E;ENSG00000148384; CPD4; CORS1; JBTS1; MORMS; PPI5PIV; pharbin"
"Lowe Oculocerebrorenal Syndrome","OCRL","309000","9430698",4952,"OCRL","300535","Basal Body, Transition Zone","22543976","OCRL;OCRL;ENSG00000122126; LOCR; DENT2; NPHL2; OCRL1; Dent-2; INPP5F; OCRL-1"
"McKusick-Kaufman Syndrome","MKKS","236700","21044901",8195,"MKKS","604896","Basal Body","19396898","MKKS;MKKS;ENSG00000125863; KMS; MKS; BBS6; HMCS"
"Meckel–Gruber Syndrome","MKS1","249000","17935508",54903,"MKS1","609883","Basal Body, Transition Zone","17185389, 18337471","MKS1;MKS1;ENSG00000011143; MES; MKS; BBS13; POC12; JBTS28"
"Meckel–Gruber Syndrome","MKS2","603194","20512146",51259,"TMEM216","613277","Basal Body","20512146","TMEM216;TMEM216;ENSG00000187049; HSPC244"
"Meckel–Gruber Syndrome","MKS3","607361","12384791, 16415887",91147,"TMEM67","609884","Transition Zone","21725307","TMEM67;TMEM67;ENSG00000164953; MKS3; JBTS6; NPHP11; TNEM67; MECKELIN"
"Meckel–Gruber Syndrome","MKS4","611134","17564974, 17705300",80184,"CEP290","610142","Transition Zone","25859007","CEP290;CEP290;ENSG00000198707; CT87; MKS4; POC3; rd16; BBS14; JBTS5; LCA10; NPHP6; SLSN6; 3H11Ag"
"Meckel–Gruber Syndrome","MKS5","611561","17558409",23322,"RPGRIP1L","610937","Transition Zone","21565611","RPGRIP1L;RPGRIP1L;ENSG00000103494; FTM; MKS5; CORS3; JBTS7; NPHP8; COACH3; PPP1R134"
"Meckel–Gruber Syndrome","MKS6","612284","18513680",57545,"CC2D2A","612013","Basal Body, Transition Zone","18950740, 22179047","CC2D2A;CC2D2A;ENSG00000048342; MKS6; RP93; JBTS9; COACH2"
"Meckel–Gruber Syndrome","MKS7","267010","18371931",27031,"NPHP3","608002","Cilia, Basal Body","20462968, 22328406","NPHP3;NPHP3;ENSG00000113971; MKS7; NPH3; RHPD; RHPD1; SLSN3; CFAP31"
"Meckel–Gruber Syndrome","MKS8","613885","21462283",79867,"TCTN2","613846","Transition Zone","21725307","TCTN2;TCTN2;ENSG00000168778; MKS8; TECT2; JBTS24; C12orf38"
"Meckel–Gruber Syndrome","MKS9","614209","21493627",27077,"B9D1","614144","Transition Zone","18337471","B9D1;B9D1;ENSG00000108641; B9; MKS9; EPPB9; MKSR1; JBTS27; MKSR-1"
"Meckel–Gruber Syndrome","MKS10","614175","21763481",80776,"B9D2","611951","Transition Zone","18337471","B9D2;B9D2;ENSG00000123810; MKS10; MKSR2; ICIS-1; JBTS34; MKSR-2"
"Meckel–Gruber Syndrome","MKS11","615397","23349226",79583,"TMEM231","614949","Basal Body, Transition Zone","22179047","TMEM231;TMEM231;ENSG00000205084; MKS11; JBTS20; ALYE870; PRO1886"
"Meckel–Gruber Syndrome","MKS12","616258","24128419",9928,"KIF14","611279","Axoneme","32348467","KIF14;KIF14;ENSG00000118193; MKS12; MCPH20"
"Meckel–Gruber Syndrome","MKS13","617562","26123494",84314,"TMEM107","616183","Transition Zone","26595381","TMEM107;TMEM107;ENSG00000179029; MKS13; JBTS29; GRVS638; PRO1268"
"Meckel–Gruber Syndrome","MKS","No MIM Number","33791682",219854,"TMEM218","619285","Transition Zone","26982032","TMEM218;TMEM218;ENSG00000150433; JBTS39"
"Meckel–Gruber Syndrome","MKS","No MIM Number","28295209",55165,"CEP55","610000","Plasma membrane,Midbody,Centriolar satellite","25613900","CEP55;CEP55;ENSG00000138180; CT111; MARCH; URCC6; C10orf3"
"Meckel–Gruber Syndrome","MKS","No MIM Number","34096792",26123,"TCTN3","613847","Transition Zone","21725307","TCTN3;TCTN3;ENSG00000119977; OFD4; TECT3; JBTS18; C10orf61"
"Meckel–Gruber Syndrome","MKS","No MIM Number","27894351, 30138887",79770,"TXNDC15","617778","Golgi apparatus","25613900","TXNDC15;TXNDC15;ENSG00000113621; BUG; MKS14; UNQ335; C5orf14"
"Medulloblastoma","MDB","155255","9931336",8643,"PTCH2","603673","Cilia","23900540","PTCH2;PTCH2;ENSG00000117425; PTC2"
"Medulloblastoma","MDB","155255","10192393, 10666372",1499,"CTNNB1","116806","Basal Body","21602792","CTNNB1;CTNNB1;ENSG00000168036; EVR7; CTNNB; MRD19; NEDSDV; armadillo"
"Medulloblastoma","MDB","155255","19833601",51684,"SUFU","607035","Cilia","16254602","SUFU;SUFU;ENSG00000107882; SUFUH; JBTS32; SUFUXL; PRO1280"
"Medulloblastoma","MDB","155255","15689453",675,"BRCA2","600185","Nucleoplasm,Cytosol","25613900","BRCA2;BRCA2;ENSG00000139618; FAD; FACD; FAD1; GLM3; BRCC2; FANCD; PNCA2; FANCD1; XRCC11; BROVCA2"
"Medulloblastoma","MDB","155255","32296180",8518,"ELP1","603722","Nucleoplasm,Cytosol","25613900","ELP1;ELP1;ENSG00000070061; FD; DYS; IKAP; IKI3; TOT1; IKBKAP"
"Mental Retardation, Truncal Obesity, Retinal Dystrophy, and Micropenis","MORMS","610156","19668215",56623,"INPP5E","613037","Cilia, Axoneme","19668216, 19668216","INPP5E;INPP5E;ENSG00000148384; CPD4; CORS1; JBTS1; MORMS; PPI5PIV; pharbin"
"Morbid Obesity and Spermatogenic Failure","MOSPGF","615703","24268657",84984,"CEP19","615586","Basal Body","24268657","CEP19;CEP19;ENSG00000174007; MOSPGF; C3orf34"
"Multinucleated Neurons, Anhydramnios, Renal Dysplasia, Cerebellar Hypoplasia, and Hydranencephaly","MARCH","236500","28264986",55165,"CEP55","610000","Plasma membrane,Midbody,Centriolar satellite","25613900","CEP55;CEP55;ENSG00000138180; CT111; MARCH; URCC6; C10orf3"
"Neonatal Sclerosing Cholangitis","NSC","617394","27319779",51473,"DCDC2","605755","Cilia, Axoneme","21698230, 25557784","DCDC2;DCDC2;ENSG00000146038; NSC; RU2; RU2S; DCDC2A; DFNB66; NPHP19"
"Nephronophthisis","NPHP1","256100","9326933, 23559409",4867,"NPHP1","607100","Transition Zone","21565611","NPHP1;NPHP1;ENSG00000144061; NPH1; JBTS4; SLSN1"
"Nephronophthisis","NPHP2","602088","12872123",27130,"INVS","243305","Cilia","12872123","INVS;INVS;ENSG00000119509; INV; NPH2; NPHP2"
"Nephronophthisis","NPHP3","604387","12872122, 19303681",27031,"NPHP3","608002","Cilia, Basal Body","20462968, 22328406","NPHP3;NPHP3;ENSG00000113971; MKS7; NPH3; RHPD; RHPD1; SLSN3; CFAP31"
"Nephronophthisis","NPHP4","606966","11920287",261734,"NPHP4","607215","Transition Zone","21565611","NPHP4;NPHP4;ENSG00000131697; POC10; SLSN4"
"Nephronophthisis","NPHP7","611498","17618285",84662,"GLIS2","608539","Cilia","17618285","GLIS2;GLIS2;ENSG00000126603; NKL; NPHP7"
"Nephronophthisis","NPHP9","613824","18199800",284086,"NEK8","609799","Cilia","16267153, 23274954","NEK8;NEK8;ENSG00000160602; JCK; NPHP9; RHPD2; NEK12A"
"Nephronophthisis","NPHP11","613550","19508969",91147,"TMEM67","609884","Transition Zone","21725307","TMEM67;TMEM67;ENSG00000164953; MKS3; JBTS6; NPHP11; TNEM67; MECKELIN"
"Nephronophthisis","NPHP12","613820","21258341",79809,"TTC21B","612014","Cilia","24876116","TTC21B;TTC21B;ENSG00000123607; ATD4; THM1; FAP60; FLA17; SRTD4; IFT139; JBTS11; NPHP12; IFT139B; Nbla10696"
"Nephronophthisis","NPHP13","614377","22019273",57728,"WDR19","608151","Axoneme","22019273","WDR19;WDR19;ENSG00000157796; ATD5; CED4; DYF-2; FAP66; ORF26; Oseg6; PWDMP; SRTD5; IFT144; NPHP13; SPGF72"
"Nephronophthisis","NPHP14","614844","22863007",23090,"ZNF423","604557","Nucleoplasm","25613900","ZNF423;ZNF423;ENSG00000102935; OAZ; Roaz; hOAZ; Ebfaz; JBTS19; NPHP14; ZFP423; Zfp104"
"Nephronophthisis","NPHP15","614845","22863007",22897,"CEP164","614848","Cilia","31492868","CEP164;CEP164;ENSG00000110274; NPHP15"
"Nephronophthisis","NPHP16","615382","23793029",203286,"ANKS6","615370","Cilia","23793029","ANKS6;ANKS6;ENSG00000165138; PKDR1; SAMD6; NPHP16; ANKRD14"
"Nephronophthisis","NPHP18","615862","24882706",51134,"CEP83","615847","Cilia","24882706","CEP83;CEP83;ENSG00000173588; CCDC41; NPHP18; NY-REN-58"
"Nephronophthisis","NPHP19","616217","25557784",51473,"DCDC2","605755","Cilia, Axoneme","21698230, 25557784","DCDC2;DCDC2;ENSG00000146038; NSC; RU2; RU2S; DCDC2A; DFNB66; NPHP19"
"Nephronophthisis","NPHP20","617271","28089251",23005,"MAPKBP1","616786","Nucleoplasm,Nucleoli,Nucleoli rim","25613900","MAPKBP1;MAPKBP1;ENSG00000137802; JNKBP1; NPHP20; JNKBP-1"
"Nephronophthisis","NPHPL1","613159","20179356",63929,"XPNPEP3","613553","Mitochondria,Cytosol","25613900","XPNPEP3;XPNPEP3;ENSG00000196236; APP3; ICP55; NPHPL1"
"Nephronophthisis","NPHP","No MIM Number","34435324",57545,"CC2D2A","612013","Basal Body, Transition Zone","18950740, 22179047","CC2D2A;CC2D2A;ENSG00000048342; MKS6; RP93; JBTS9; COACH2"
"Nephronophthisis","NPHP","No MIM Number","30609407",56999,"ADAMTS9","605421","Cilia","30814516",NA
"Nephronophthisis","NPHP","No MIM Number","31534065",10806,"SDCCAG8","613524","Basal Body, Transition Zone","20835237","SDCCAG8;SDCCAG8;ENSG00000054282; BBS16; CCCAP; SLSN7; NPHP10; hCCCAP; HSPC085; NY-CO-8; CCCAP SLSN7"
"Nephronophthisis","NPHP","No MIM Number","32619255",80184,"CEP290","610142","Transition Zone","25859007","CEP290;CEP290;ENSG00000198707; CT87; MKS4; POC3; rd16; BBS14; JBTS5; LCA10; NPHP6; SLSN6; 3H11Ag"
"Orofaciodigital Syndrome","OFD1","311200","20818665",8481,"OFD1","300170","Basal Body, Transition Zone","15466260, 26068394","OFD1;OFD1;ENSG00000046651; RP23; 71-7A; SGBS2; CXorf5; JBTS10"
"Orofaciodigital Syndrome","OFD4","258860","22883145",26123,"TCTN3","613847","Transition Zone","21725307","TCTN3;TCTN3;ENSG00000119977; OFD4; TECT3; JBTS18; C10orf61"
"Orofaciodigital Syndrome","OFD5","174300","23972372",83479,"DDX59","615464","Nucleoplasm,Actin filaments","25613900","DDX59;DDX59;ENSG00000118197; OFD5; ZNHIT5"
"Orofaciodigital Syndrome","OFD6","277170","24178751",65250,"CPLANE1","614571","Cilia, Around Basal Body","27158779","CPLANE1;CPLANE1;ENSG00000197603; Hug; OFD6; JBTS17; C5orf42"
"Orofaciodigital Syndrome","OFD14","615948","24997988",26005,"C2CD3","615944","Basal Body","19004860","C2CD3;C2CD3;ENSG00000168014; OFD14"
"Orofaciodigital Syndrome","OFD15","617127","26643951",9851,"KIAA0753","617112","Centrosome,Cytosol","25613900","KIAA0753;KIAA0753;ENSG00000198920; MNR; OFIP; JBTS38; SRTD21"
"Orofaciodigital Syndrome","OFD16","617563","26518474",84314,"TMEM107","616183","Transition Zone","26595381","TMEM107;TMEM107;ENSG00000179029; MKS13; JBTS29; GRVS638; PRO1268"
"Orofaciodigital Syndrome","OFD17","617926","27158779",27152,"INTU","610621","Basal Body","31564489","INTU;INTU;ENSG00000164066; INT; OFD17; PDZD6; PDZK6; SRTD20; CPLANE4"
"Orofaciodigital Syndrome","OFD18","617927","27060890",55081,"IFT57","606621","Basal Body, Axoneme","21209331","IFT57;IFT57;ENSG00000114446; HIPPI; OFD18; MHS4R2; ESRRBL1"
"Pallister-Hall Syndrome","PHS","146510","9054938",2737,"GLI3","165240","Cilia","16254602","GLI3;GLI3;ENSG00000106571; PHS; ACLS; GCPS; PAPA; PAPB; PAP-A; PAPA1; PPDIV; GLI3FL; GLI3-190"
"Primary Ciliary Dyskinesia","CILD1","244400","11231901",27019,"DNAI1","604366","Not reported",NA,"DNAI1;DNAI1;ENSG00000122735; PCD; DIC1; ICS1; CILD1"
"Primary Ciliary Dyskinesia","CILD2","606763","22387996",352909,"DNAAF3","614566","Nuclear bodies,Mitochondria","25613900","DNAAF3;DNAAF3;ENSG00000167646; PCD; DAB1; PF22; CILD2; C19orf51"
"Primary Ciliary Dyskinesia","CILD3","608644","11788826",1767,"DNAH5","603335","Axoneme","17059358","DNAH5;DNAH5;ENSG00000039139; HL1; PCD; CILD3; KTGNR; DNAHC5"
"Primary Ciliary Dyskinesia","CILD5","608647","23022101",54768,"HYDIN","610812","Cilia","12719380","HYDIN;HYDIN;ENSG00000157423; CILD5; HYDIN1; HYDIN2; PPP1R31"
"Primary Ciliary Dyskinesia","CILD6","610852","17360648",51314,"NME8","607421","Cilia","16267153","NME8;NME8;ENSG00000086288; CILD6; DNAI8; SPTRX2; TXNDC3; NM23-H8; sptrx-2; HEL-S-99"
"Primary Ciliary Dyskinesia","CILD7","611884","12142464",8701,"DNAH11","603339","Cilia","26909801","DNAH11;DNAH11;ENSG00000105877; CILD7; DNHBL; DPL11; DNAHBL; DNAHC11"
"Primary Ciliary Dyskinesia","CILD9","612444","18950741",64446,"DNAI2","605483","Axoneme","18950741","DNAI2;DNAI2;ENSG00000171595; DIC2; CILD9"
"Primary Ciliary Dyskinesia","CILD10","612518","19052621",55172,"DNAAF2","612517","Cytosol","25613900","DNAAF2;DNAAF2;ENSG00000165506; KTU; PF13; CILD10; C14orf104"
"Primary Ciliary Dyskinesia","CILD11","612649","19200523",345895,"RSPH4A","612647","Axoneme","19200523, 25789548","RSPH4A;RSPH4A;ENSG00000111834; RSHL3; CILD11; RSPH6B; dJ412I7.1"
"Primary Ciliary Dyskinesia","CILD12","612650","19200523",221421,"RSPH9","612648","Axoneme","25789548","RSPH9;RSPH9;ENSG00000172426; CILD12; C6orf206; MRPS18AL1"
"Primary Ciliary Dyskinesia","CILD13","613193","19944400",123872,"DNAAF1","613190","Basal Body","29228333","DNAAF1;DNAAF1;ENSG00000154099; swt; DAU1; ODA7; CILD13; LRRC50"
"Primary Ciliary Dyskinesia","CILD14","613807","23255504",339829,"CCDC39","613798","Axoneme","21131972","CCDC39;CCDC39;ENSG00000284862; FAP59; CFAP59; CILD14"
"Primary Ciliary Dyskinesia","CILD15","613808","23255504",55036,"CCDC40","613799","Axoneme","21131974","CCDC40;CCDC40;ENSG00000141519; CILD15; FAP172; CFAP172"
"Primary Ciliary Dyskinesia","CILD16","614017","21496787",83544,"DNAL1","610062","Nucleoplasm,Centriolar satellite","25613900","DNAL1;DNAL1;ENSG00000119661; LC1; CILD16; C14orf168"
"Primary Ciliary Dyskinesia","CILD17","614679","22581229",388389,"CCDC103","614677","Axoneme","22581229","CCDC103;CCDC103;ENSG00000167131; SMH; PR46b; CILD17"
"Primary Ciliary Dyskinesia","CILD18","614874","23040496",54919,"DNAAF5","614864","Cilia","23040496","DNAAF5;DNAAF5;ENSG00000164818; CILD18; HEATR2"
"Primary Ciliary Dyskinesia","CILD19","614935","23122589",339977,"LRRC6","614930","Cilia","23122589",NA
"Primary Ciliary Dyskinesia","CILD20","615067","23261303, 23261302",93233,"ODAD1","615038","Cilia","23261303","ODAD1;ODAD1;ENSG00000105479; CILD20; CCDC114"
"Primary Ciliary Dyskinesia","CILD21","615294","23354437",92749,"DRC1","615288","Not reported",NA,"DRC1;DRC1;ENSG00000157856; CILD21; C2orf39; CCDC164"
"Primary Ciliary Dyskinesia","CILD22","615444","23891471, 23891469",51364,"ZMYND10","607070","Axoneme, Basal Body","23891469","ZMYND10;ZMYND10;ENSG00000004838; BLU; FLU; CILD22; DNAAF7"
"Primary Ciliary Dyskinesia","CILD23","615451","23849778",55130,"ODAD2","615408","Axoneme","23849778","ODAD2;ODAD2;ENSG00000169126; gudu; ARMC4; CILD23"
"Primary Ciliary Dyskinesia","CILD24","615481","23993197",89765,"RSPH1","609314","Cilia","23993197","RSPH1;RSPH1;ENSG00000160188; CT79; TSA2; RSP44; TSGA2; RSPH10A"
"Primary Ciliary Dyskinesia","CILD25","615482","23872636",161582,"DNAAF4","608706","Cilia, Basal Body","27451412, 23872636","DNAAF4;DNAAF4;ENSG00000256061; RD; DYX1; EKN1; DYXC1; CILD25; DYX1C1"
"Primary Ciliary Dyskinesia","CILD26","615500","24094744",56683,"CFAP298","615494","Not reported",NA,"CFAP298;CFAP298;ENSG00000159079; Kur; FBB18; CILD26; DNAAF16; C21orf48; C21orf59"
"Primary Ciliary Dyskinesia","CILD27","615504","23991085, 24094744",85478,"CCDC65","611088","Cilia","23991085","CCDC65;CCDC65;ENSG00000139537; DRC2; FAP250; CFAP250; NYD-SP28"
"Primary Ciliary Dyskinesia","CILD28","615505","24055112",6674,"SPAG1","603395","Cytosol","25613900","SPAG1;SPAG1;ENSG00000104450; SP75; TPIS; CT140; CILD28; DNAAF13; HSD-3.8; HEL-S-268"
"Primary Ciliary Dyskinesia","CILD29","615872","24747639",10309,"CCNO","607752","Not reported",NA,"CCNO;CCNO;ENSG00000152669; CCNU; UDG2; CILD29"
"Primary Ciliary Dyskinesia","CILD30","616037","25224326",115948,"ODAD3","615956","Axoneme","25192045","ODAD3;ODAD3;ENSG00000198003; ODA10; CILD30; CCDC151"
"Primary Ciliary Dyskinesia","CILD32","616481","26073779",83861,"RSPH3","615876","Cilia","26073779","RSPH3;RSPH3;ENSG00000130363; RSP3; RSHL2; CILD32; dJ111C20.1"
"Primary Ciliary Dyskinesia","CILD33","616726","26387594",2622,"GAS8","605178","Axoneme","21131972","GAS8;GAS8;ENSG00000141013; DRC4; GAS11; CILD33"
"Primary Ciliary Dyskinesia","CILD34","617091","27486783",374407,"DNAJB13","610263","Axoneme","19919626, 27486783","DNAJB13;DNAJB13;ENSG00000187726; CILD34; TSARG5; TSARG6; RSPH16A"
"Primary Ciliary Dyskinesia","CILD35","617092","27486780",83538,"ODAD4","617095","Axoneme","27486780","ODAD4;ODAD4;ENSG00000204815; TTC25"
"Primary Ciliary Dyskinesia","CILD36","300991","28041644",139212,"DNAAF6","300933","Not reported",NA,"DNAAF6;DNAAF6;ENSG00000080572; CILD36; PIH1D3; CXorf41; NYSAR97; TWISTER"
"Primary Ciliary Dyskinesia","CILD37","617577","25927852",25981,"DNAH1","603332","Cilia","24360805","DNAH1;DNAH1;ENSG00000114841; HL11; HDHC7; HL-11; CILD37; DNAHC1; HSRF-1; SPGF18; XLHSRF-1"
"Primary Ciliary Dyskinesia","CILD38","618063","29727692, 29727693",85016,"CFAP300","618058","Cilia","29727692","CFAP300;CFAP300;ENSG00000137691; FBB5; CILD38; DNAAF17; C11orf70"
"Primary Ciliary Dyskinesia","CILD39","618254","30388400",115399,"LRRC56","618227","Cilia, Axoneme *","30388400","LRRC56;LRRC56;ENSG00000161328; CILD39; DNAAF12"
"Primary Ciliary Dyskinesia","CILD40","618300","30471718",1770,"DNAH9","603330","Axoneme","17059358","DNAH9;DNAH9;ENSG00000007174; DYH9; HL20; DNEL1; HL-20; CILD40; Dnahc9; DNAH17L"
"Primary Ciliary Dyskinesia","CILD41","618449","30665704",246176,"GAS2L2","611398","Cilia","30665704","GAS2L2;GAS2L2;ENSG00000270765; GAR17; CILD41"
"Primary Ciliary Dyskinesia","CILD42","618695","25048963",345643,"MCIDAS","614086","Nuclear bodies","25613900","MCIDAS;MCIDAS;ENSG00000234602; MCI; IDAS; MCIN; CILD42"
"Primary Ciliary Dyskinesia","CILD43","618699","31630787",2302,"FOXJ1","602291","Cilia","10423398","FOXJ1;FOXJ1;ENSG00000129654; HFH4; HFH-4; CILD43; FKHL13"
"Primary Ciliary Dyskinesia","CILD44","618781","31959991",152110,"NEK10","618726","Axoneme","29581457","NEK10;NEK10;ENSG00000163491; CILD44"
"Primary Ciliary Dyskinesia","CILD45","618801","31978331",54970,"TTC12","610732","Nucleoplasm","25613900","TTC12;TTC12;ENSG00000149292; TPARM; CILD45"
"Primary Ciliary Dyskinesia","CILD46","619436","28543983",27148,"STK36","607652","Cilia","23907739","STK36;STK36;ENSG00000163482; FU; CILD46"
"Primary Ciliary Dyskinesia","CILD47","619466","34077761",7161,"TP73","601990","Nucleoplasm,Golgi apparatus","25613900","TP73;TP73;ENSG00000078900; P73; CILD47"
"Primary Ciliary Dyskinesia","CILD","No MIM Number","32185794, 31479451",8382,"NME5","603575","Cilia","26073779","NME5;NME5;ENSG00000112981; NM23H5; RSPH23; NM23-H5"
"Primary Ciliary Dyskinesia","CILD","No MIM Number","33916973",29922,"NME7","613465","Basal Body","21289087","NME7;NME7;ENSG00000143156; NDK7; NDK 7; CFAP67; MN23H7; nm23-H7"
"Primary Ciliary Dyskinesia","CILD","No MIM Number","33628615",56912,"IFT46","No MIM Number","Basal Body","25722189","IFT46;IFT46;ENSG00000118096; CFAP32; C11orf2; C11orf60"
"Primary Ciliary Dyskinesia","CILD","No MIM Number","32764743",149465,"CFAP57","614259","Axoneme","32764743","CFAP57;CFAP57;ENSG00000243710; VWS2; WDR65"
"Primary Ciliary Dyskinesia","CILD","No MIM Number","(Lee, Lance et al., 2008)",200373,"CFAP221","618704","Axoneme","31636325","CFAP221;CFAP221;ENSG00000163075; PCDP1; FAP221"
"Primary Ciliary Dyskinesia","CILD","No MIM Number","21715716, 31545650",79925,"SPEF2","610172","Cilia *","21715716","SPEF2;SPEF2;ENSG00000152582; KPL2; CT122; SPGF43"
"Primary Ciliary Dyskinesia","CILD","No MIM Number","26224312",144535,"CFAP54","No MIM Number","Microtubules,Cytosol","25613900","CFAP54;CFAP54;ENSG00000188596; C12orf55; C12orf63"
"Primary Ciliary Dyskinesia","CILD","No MIM Number","32376681",154313,"CFAP206","No MIM Number","Basal Body, Cilia","32376681","CFAP206;CFAP206;ENSG00000272514; C6orf165; dJ382I10.1"
"Primary Ciliary Dyskinesia","CILD","No MIM Number","32367404",80709,"AKNA","605729","Nucleoplasm,Centrosome","25613900",NA
"Primary Ciliary Dyskinesia","CILD","No MIM Number","32367404",2802,"GOLGA3","602581","Nucleoplasm,Golgi apparatus","25613900","GOLGA3;GOLGA3;ENSG00000090615; MEA-2; GCP170"
"Primary Ciliary Dyskinesia","CILD","No MIM Number","32124190",9576,"SPAG6","605730","Axoneme","8636214, 10493827","SPAG6;SPAG6;ENSG00000077327; pf16; CT141; FAP194; CFAP194; Repro-SA-1"
"Primary Ciliary Dyskinesia","CILD","No MIM Number","32124190",83861,"RSPH3","615876","Cilia","26073779","RSPH3;RSPH3;ENSG00000130363; RSP3; RSHL2; CILD32; dJ111C20.1"
"Primary Ciliary Dyskinesia","CILD","No MIM Number","(Shamseldin, Hanan E et al., 2020)",22897,"CEP164","614848","Cilia","31492868","CEP164;CEP164;ENSG00000110274; NPHP15"
"Primary Ciliary Dyskinesia","CILD","No MIM Number","31835165",8237,"USP11","300050","Cilia","31835165","USP11;USP11;ENSG00000102226; UHX1"
"Primary Ciliary Dyskinesia","CILD","No MIM Number","31835165",1394,"CRHR1","122561","Not reported",NA,"CRHR1;CRHR1;ENSG00000120088; CRF1; CRHR; CRF-R; CRFR1; CRF-R1; CRFR-1; CRH-R1; CRHR1L; CRF-R-1; CRH-R-1"
"Primary Ciliary Dyskinesia","CILD","No MIM Number","31835165",3885,"KRT34","602763","Nucleoplasm,Vesicles","25613900","KRT34;KRT34;ENSG00000131737; HA4; K34; Ha-4; hHa4; KRTHA4"
"Primary Ciliary Dyskinesia","CILD","No MIM Number","11877439",56171,"DNAH7","610061","Cytosol","25613900",NA
"Primary Ciliary Dyskinesia","CILD","No MIM Number","31366608",8481,"OFD1","300170","Basal Body, Transition Zone","15466260, 26068394","OFD1;OFD1;ENSG00000046651; RP23; 71-7A; SGBS2; CXorf5; JBTS10"
"Primary Ciliary Dyskinesia","CILD","No MIM Number","33577779",127602,"DNAH14","603341","Axoneme","33577779","DNAH14;DNAH14;ENSG00000185842; HL18; HL-18; C1orf67; Dnahc14"
"Primary Ciliary Dyskinesia","CILD","No MIM Number","34445527",79582,"SPAG16","612173","Cilia","30911868","SPAG16;SPAG16;ENSG00000144451; PF20; WDR29"
"Primary Ciliary Dyskinesia","CILD","No MIM Number","35637434",83657,"DYNLRB2","607168","Not reported",NA,"DYNLRB2;DYNLRB2;ENSG00000168589; DNCL2B; DNLC2B; ROBLD2"
"Primary Ciliary Dyskinesia","CILD","No MIM Number","35637434",146845,"WDR16","609804","Basal Body","32859975","CFAP52;WDR16;ENSG00000166596; HTX10; WDR16; WDRPUH"
"Primary Ciliary Dyskinesia","CILD","No MIM Number","33389130",54014,"BRWD1","617824","Axoneme *","33389130","BRWD1;BRWD1;ENSG00000185658; N143; WDR9; WRD9; DCAF19; C21orf107"
"Primary Ciliary Dyskinesia","CILD","No MIM Number","32555313",85452,"CFAP74","No MIM Number","Cilia","30158508","CFAP74;CFAP74;ENSG00000142609; C1orf222; KIAA1751"
"Renal-hepatic-pancreatic Dysplasia","RHPD1","208540","18371931, 20007846",27031,"NPHP3","608002","Cilia, Basal Body","20462968, 22328406","NPHP3;NPHP3;ENSG00000113971; MKS7; NPH3; RHPD; RHPD1; SLSN3; CFAP31"
"Renal-hepatic-pancreatic Dysplasia","RHPD2","615415","23418306",284086,"NEK8","609799","Cilia","16267153, 23274954","NEK8;NEK8;ENSG00000160602; JCK; NPHP9; RHPD2; NEK12A"
"Renal-hepatic-pancreatic Dysplasia","RHPD","No MIM Number","33129895",51726,"DNAJB11","611341","Endoplasmic reticulum","25613900","DNAJB11;DNAJB11;ENSG00000090520; DJ9; EDJ; Dj-9; ERj3; PKD6; ABBP2; ERdj3; ERj3p; ABBP-2; UNQ537; PRO1080"
"Retinal Dystrophy","RDMS","617547","26294103",755,"CFAP410","603191","Basal Body","26167768","CFAP410;CFAP410;ENSG00000160226; RDMS; SMDAX; LRRC76; YF5/A2; C21orf2"
"Retinal Dystrophy","RDMS","No MIM Number","33938610",51134,"CEP83","615847","Cilia","24882706","CEP83;CEP83;ENSG00000173588; CCDC41; NPHP18; NY-REN-58"
"Retinal Dystrophy","RDMS","No MIM Number","33599192",79809,"TTC21B","612014","Cilia","24876116","TTC21B;TTC21B;ENSG00000123607; ATD4; THM1; FAP60; FLA17; SRTD4; IFT139; JBTS11; NPHP12; IFT139B; Nbla10696"
"Retinitis Pigmentosa","RP1","180100","10391211",6101,"RP1","603937","Cilia, Axoneme","11773008, 15269252","RP1;RP1;ENSG00000104237; ORP1; DCDC4A"
"Retinitis Pigmentosa","RP2","312600","9697692",6102,"RP2","300757","Basal Body","20106869","RP2;RP2;ENSG00000102218; XRP2; NME10; TBCCD2; NM23-H10; DELXp11.3"
"Retinitis Pigmentosa","RP3","300029","10932196",6103,"RPGR","312610","Transition Zone, Axoneme, Basal Body","12766038, 16043481","RPGR;RPGR;ENSG00000156313; CRD; RP3; COD1; PCDX; RP15; XLRP3; orf15; CORDX1"
"Retinitis Pigmentosa","RP4","613731","1303237",6010,"RHO","180380","Ciliary Membrane","10891855","RHO;RHO;ENSG00000163914; RP4; OPN2; CSNBAD1"
"Retinitis Pigmentosa","RP7","608133","8202715",6094,"ROM1","180721","Cilia","18171083","ROM1;ROM1;ENSG00000149489; ROM; RP7; ROSP1; TSPAN23"
"Retinitis Pigmentosa","RP9","180104","15474994",6100,"RP9","607331","Nucleoplasm,Vesicles,Cytosol","25613900","RP9;RP9;ENSG00000164610; PAP1; PAP-1"
"Retinitis Pigmentosa","RP10","180105","11875050",3614,"IMPDH1","146690","Cytosol,Rods & Rings","25613900","IMPDH1;IMPDH1;ENSG00000106348; IMPD; RP10; IMPD1; LCA11; IMPDH-I; sWSS2608"
"Retinitis Pigmentosa","RP11","600138","11545739",26121,"PRPF31","606419","Cilia","30967900","PRPF31;PRPF31;ENSG00000105618; RP11; PRP31; SNRNP61; NY-BR-99"
"Retinitis Pigmentosa","RP12","600105","10508521",23418,"CRB1","604210","Vesicles","25613900","CRB1;CRB1;ENSG00000134376; LCA8; RP12; CRB1-A; CRB1-B; CRB1-C"
"Retinitis Pigmentosa","RP13","612712","18779497",145226,"RDH12","608830","Not reported",NA,"RDH12;RDH12;ENSG00000139988; RP53; LCA13; SDR7C2"
"Retinitis Pigmentosa","RP14","600132","22605927",7287,"TULP1","602280","Cilia","16303976","TULP1;TULP1;ENSG00000112041; RP14; LCA15; TUBL1"
"Retinitis Pigmentosa","RP18","601414","11773002",26121,"PRPF31","606419","Cilia","30967900","PRPF31;PRPF31;ENSG00000105618; RP11; PRP31; SNRNP61; NY-BR-99"
"Retinitis Pigmentosa","RP19","601718","9425888",24,"ABCA4","601691","Cytosol","25613900","ABCA4;ABCA4;ENSG00000198691; FFM; RMP; ABCR; RP19; STGD; ABC10; ARMD2; CORD3; STGD1"
"Retinitis Pigmentosa","RP20","613794","9501220",6121,"RPE65","180069","Not reported",NA,"RPE65;RPE65;ENSG00000116745; p63; BCO3; LCA2; RP20; rd12; mRPE65; sRPE65"
"Retinitis Pigmentosa","RP23","300424","22619378",8481,"OFD1","300170","Basal Body, Transition Zone","15466260, 26068394","OFD1;OFD1;ENSG00000046651; RP23; 71-7A; SGBS2; CXorf5; JBTS10"
"Retinitis Pigmentosa","RP25","602772","18836446, 18976725",346007,"EYS","612424","Axoneme","27846257","EYS;EYS;ENSG00000188107; RP25; SPAM; EGFL10; EGFL11; C6orf178; C6orf179; C6orf180; bA74E24.1; dJ22I17.2; bA166P24.2; bA307F22.3; dJ1018A4.2; dJ303F19.1"
"Retinitis Pigmentosa","RP26","608380","14681825",375298,"CERKL","608381","Axoneme","29180514","CERKL;CERKL;ENSG00000188452; RP26"
"Retinitis Pigmentosa","RP27","613750","10192380",4901,"NRL","162080","Nucleoplasm,Cytosol","25613900","NRL;NRL;ENSG00000129535; RP27; D14S46E; NRL-MAF"
"Retinitis Pigmentosa","RP28","606068","20705279, 20705278",84140,"FAM161A","613596","Cilia, Basal Body","22940612","FAM161A;FAM161A;ENSG00000170264; RP28"
"Retinitis Pigmentosa","RP30","607921","11527955",25794,"FSCN2","607643","Cilia","20660251","FSCN2;FSCN2;ENSG00000186765; RFSN; RP30"
"Retinitis Pigmentosa","RP31","609923","17924349",10210,"TOPORS","609507","Basal Body","21159800","TOPORS;TOPORS;ENSG00000197579; LUN; RP31; P53BP3; TP53BPL"
"Retinitis Pigmentosa","RP32","609913","30157172",23155,"CLCC1","617539","Endoplasmic reticulum","25613900","CLCC1;CLCC1;ENSG00000121940; MCLC; RP32"
"Retinitis Pigmentosa","RP33","610359","19878916",23020,"SNRNP200","601664","Cilia","30967900","SNRNP200;SNRNP200;ENSG00000144028; BRR2; RP33; HELIC2; ASCC3L1; U5-200KD"
"Retinitis Pigmentosa","RP35","610282","16199541",64218,"SEMA4A","607292","Not reported",NA,"SEMA4A;SEMA4A;ENSG00000196189; RP35; SEMB; SEMAB; CORD10"
"Retinitis Pigmentosa","RP36","610599","16938425",768206,"PRCD","610598","Not reported",NA,"PRCD;PRCD;ENSG00000214140; RP36"
"Retinitis Pigmentosa","RP37","611131","17564971, 18294254",10002,"NR2E3","604485","Not reported",NA,"NR2E3;NR2E3;ENSG00000278570; PNR; RNR; rd7; ESCS; RP37"
"Retinitis Pigmentosa","RP38","613862","11062461, 22180149",10461,"MERTK","604705","Endoplasmic reticulum,Plasma membrane,Midbody,Cytosol","25613900","MERTK;MERTK;ENSG00000153208; MER; RP38; c-Eyk; c-mer; Tyro12"
"Retinitis Pigmentosa","RP39","613809","10775529, 17296898",7399,"USH2A","608400","Basal Body","17906286","USH2A;USH2A;ENSG00000042781; US2; RP39; USH2; dJ1111A8.1"
"Retinitis Pigmentosa","RP40","613801","8394174, 18854872",5158,"PDE6B","180072","Cytosol","25613900","PDE6B;PDE6B;ENSG00000133256; rd1; PDEB; RP40; CSNB3; CSNBAD2; GMP-PDEbeta"
"Retinitis Pigmentosa","RP41","612095","10587575",8842,"PROM1","604365","Not reported",NA,"PROM1;PROM1;ENSG00000007062; RP41; AC133; CD133; MCDR2; STGD4; CORD12; PROML1; MSTP061"
"Retinitis Pigmentosa","RP42","612943","19520207, 22084217",55975,"KLHL7","611119","Nucleoplasm,Plasma membrane,Cytosol","25613900","KLHL7;KLHL7;ENSG00000122550; CISS3; KLHL6; SBBI26; PERCHING"
"Retinitis Pigmentosa","RP43","613810","18849587, 21039428",5145,"PDE6A","180071","Not reported",NA,"PDE6A;PDE6A;ENSG00000132915; PDEA; RP43; CGPR-A"
"Retinitis Pigmentosa","RP44","613769","10581022, 21067480",5995,"RGR","600342","Vesicles,Plasma membrane,Cytosol","25613900","RGR;RGR;ENSG00000148604; RP44"
"Retinitis Pigmentosa","RP45","613767","11379879",1258,"CNGB1","600724","Vesicles,Cytosol","25613900","CNGB1;CNGB1;ENSG00000070729; CNG4; GAR1; GARP; RP45; CNCG2; CNCG4; GARP2; RCNC2; RCNCb; CNCG3L; CNGB1B; RCNCbeta"
"Retinitis Pigmentosa","RP46","612572","31736247",3420,"IDH3B","604526","Mitochondria","25613900","IDH3B;IDH3B;ENSG00000101365; RP46"
"Retinitis Pigmentosa","RP47","613758","9565049",6295,"SAG","181031","Not reported",NA,"SAG;SAG;ENSG00000130561; RP47; S-AG"
"Retinitis Pigmentosa","RP48","613827","15452722",2979,"GUCA1B","602275","Not reported",NA,"GUCA1B;GUCA1B;ENSG00000112599; RP48; GCAP2; GUCA2; GCAP 2"
"Retinitis Pigmentosa","RP49","613756","7479749",1259,"CNGA1","123825","Nucleoplasm,Vesicles,Plasma membrane","25613900","CNGA1;CNGA1;ENSG00000198515; CNCG; CNG1; RP49; CNCG1; CNG-1; RCNC1; RCNCa; RCNCalpha"
"Retinitis Pigmentosa","RP50","613194","19853238",7439,"BEST1","607854","Not reported",NA,"BEST1;BEST1;ENSG00000167995; ARB; BMD; BEST; RP50; VMD2; TU15B; Best1V1Delta2"
"Retinitis Pigmentosa","RP51","613464","26195043",123016,"TTC8","608132","Basal Body","14520415","TTC8;TTC8;ENSG00000165533; BBS8; RP51"
"Retinitis Pigmentosa","RP54","613428","20398884",388939,"PCARE","613425","Cilia","20398886, 32312818","PCARE;PCARE;ENSG00000179270; RP54; C2orf71"
"Retinitis Pigmentosa","RP55","613575","19956407, 31736247",84100,"ARL6","608845","Basal Body, Transition Zone","15314642","ARL6;ARL6;ENSG00000113966; BBS3; RP55"
"Retinitis Pigmentosa","RP56","613581","20673862",50939,"IMPG2","607056","Not reported",NA,"IMPG2;IMPG2;ENSG00000081148; RP56; VMD5; IPM200; SPACRCAN"
"Retinitis Pigmentosa","RP57","613582","20655036",5148,"PDE6G","180073","Vesicles","25613900","PDE6G;PDE6G;ENSG00000185527; PDEG; RP57"
"Retinitis Pigmentosa","RP58","613617","20797688",130557,"ZNF513","613598","Not reported",NA,"ZNF513;ZNF513;ENSG00000163795; RP58; Zfp513; HMFT0656"
"Retinitis Pigmentosa","RP59","613861","21295282, 10.1016/j.ajhg.2011.01.001",79947,"DHDDS","608172","Plasma membrane","25613900","DHDDS;DHDDS;ENSG00000117682; DS; CIT; CPT; HDS; RP59; hCIT; DEDSM"
"Retinitis Pigmentosa","RP60","613983","21549338",24148,"PRPF6","613979","Basal Body, Transition Zone","26167768","PRPF6;PRPF6;ENSG00000101161; TOM; ANT1; Prp6; RP60; ANT-1; hPrp6; U5-102K; C20orf14; SNRNP102"
"Retinitis Pigmentosa","RP61","614180","21310491",7401,"CLRN1","606397","Cilia","19539019","CLRN1;CLRN1;ENSG00000163646; RP61; USH3; USH3A"
"Retinitis Pigmentosa","RP62","614181","21835304, 21825139",4117,"MAK","154235","Cilia, Axoneme","21148103","MAK;MAK;ENSG00000111837; RP62"
"Retinitis Pigmentosa","RP64","614500","22177090, 25802487",157657,"C8orf37","614477","Cilia","22177090","CFAP418;C8orf37;ENSG00000156172; RP64; BBS21; MOT25; CORD16; FAP418; C8orf37; smalltalk"
"Retinitis Pigmentosa","RP65","613660","20087419",92211,"CDHR1","609502","Cilia","33330480","CDHR1;CDHR1;ENSG00000148600; RP65; PRCAD; CORD15; PCDH21"
"Retinitis Pigmentosa","RP66","615233","19074801",5949,"RBP3","180290","Not reported",NA,"RBP3;RBP3;ENSG00000265203; IRBP; RBPI; RP66; D10S64; D10S65; D10S66"
"Retinitis Pigmentosa","RP67","615565","24043777",4751,"NEK2","604043","Basal Body","22613497","NEK2;NEK2;ENSG00000117650; NLK1; RP67; NEK2A; HsPK21; PPP1R111"
"Retinitis Pigmentosa","RP68","615725","24670872",57709,"SLC7A14","615720","Nucleoplasm,Vesicles,Plasma membrane,Cytosol","25613900","SLC7A14;SLC7A14;ENSG00000013293; PPP1R142"
"Retinitis Pigmentosa","RP69","615780","24680887",55857,"KIZ","615757","Basal Body","29057815","KIZ;KIZ;ENSG00000088970; RP69; HT013; Kizuna; PLK1S1; C20orf19; NCRNA00153"
"Retinitis Pigmentosa","RP70","615922","24419317",9128,"PRPF4","607795","Cilia","30967900","PRPF4;PRPF4;ENSG00000136875; PRP4; RP70; HPRP4; Prp4p; HPRP4P; SNRNP60"
"Retinitis Pigmentosa","RP71","616394","25168386",26160,"IFT172","607386","Cilia, Axoneme","15137945, 24140113","IFT172;IFT172;ENSG00000138002; SLB; wim; RP71; BBS20; osm-1; NPHP17; SRTD10"
"Retinitis Pigmentosa","RP72","616469","25882705",79797,"ZNF408","616454","Centriolar satellite,Cytosol","25613900","ZNF408;ZNF408;ENSG00000175213; EVR6; RP72"
"Retinitis Pigmentosa","RP73","616544","25859010",138050,"HGSNAT","610453","Not reported",NA,"HGSNAT;HGSNAT;ENSG00000165102; RP73; HGNAT; MPS3C; TMEM76"
"Retinitis Pigmentosa","RP74","616562","25541840",583,"BBS2","606151","Cilia, Basal Body","18299575","BBS2;BBS2;ENSG00000125124; BBS; RP74"
"Retinitis Pigmentosa","RP75","617023","26720455",60509,"AGBL5","615900","Microtubules,Cytokinetic bridge,Cytosol","25613900","AGBL5;AGBL5;ENSG00000084693; CCP5; RP75"
"Retinitis Pigmentosa","RP76","617123","26908613",55624,"POMGNT1","606822","Basal Body","26908613","POMGNT1;POMGNT1;ENSG00000085998; MEB; RP76; GNTI.2; LGMD2O; GnT I.2; LGMDR15; MGAT1.2; gnT-I.2"
"Retinitis Pigmentosa","RP77","617304","27889058",92840,"REEP6","609346","Endoplasmic reticulum","25613900","REEP6;REEP6;ENSG00000115255; RP77; DP1L1; TB2L1; Yip2f; REEP6.1; REEP6.2; C19orf32"
"Retinitis Pigmentosa","RP78","617433","28132693",23370,"ARHGEF18","616432","Basal Body","https://repositories.lib.utexas.edu/handle/2152/63460","ARHGEF18;ARHGEF18;ENSG00000104880; RP78; SA-RhoGEF; p114RhoGEF; P114-RhoGEF"
"Retinitis Pigmentosa","RP79","617460","25316723",3098,"HK1","142600","Mitochondria","25613900","HK1;HK1;ENSG00000156515; HK; HKD; HKI; HXK1; RP79; HMSNR; HK1-ta; HK1-tb; HK1-tc; NEDVIBA; hexokinase"
"Retinitis Pigmentosa","RP80","617781","26216056, 26968735",9742,"IFT140","614620","Transition Zone, Axoneme","23141541","IFT140;IFT140;ENSG00000187535; RP80; MZSDS; SRTD9; WDTC2; gs114; c305C8.4; c380F5.1"
"Retinitis Pigmentosa","RP81","617871","28973684",112752,"IFT43","614068","Basal Body","25243405","IFT43;IFT43;ENSG00000119650; CED3; RP81; SRTD18; C14orf179"
"Retinitis Pigmentosa","RP83","618173","26964041",403,"ARL3","604695","Cilia","30952667","ARL3;ARL3;ENSG00000138175; RP83; ARFL3; JBTS35"
"Retinitis Pigmentosa","RP84","618220","24737827",9785,"DHX38","605584","Nucleoplasm","25613900","DHX38;DHX38;ENSG00000140829; RP84; DDX38; PRP16; PRPF16"
"Retinitis Pigmentosa","RP85","618345","29726989",196,"AHR","600253","Nucleoplasm,Cytosol","25613900","AHR;AHR;ENSG00000106546; RP85; bHLHe76"
"Retinitis Pigmentosa","RP86","618613","30120214",57670,"KIAA1549","613344","Transition Zone","30120214","KIAA1549;KIAA1549;ENSG00000122778; RP86"
"Retinitis Pigmentosa","RP87","618697","21654732",6121,"RPE65","180069","Not reported",NA,"RPE65;RPE65;ENSG00000116745; p63; BCO3; LCA2; RP20; rd12; mRPE65; sRPE65"
"Retinitis Pigmentosa","RP88","618826","23281133, 31833436",94137,"RP1L1","608581","Axoneme, Transition Zone","19657028","RP1L1;RP1L1;ENSG00000183638; OCMD; RP88; DCDC4B"
"Retinitis Pigmentosa","RP89","618955","32386558",9371,"KIF3B","603754","Axoneme","10548469","KIF3B;KIF3B;ENSG00000101350; FLA8; RP89; HH0048; KLP-11"
"Retinitis Pigmentosa","RP90","619007","28412069, 31012789",3419,"IDH3A","601149","Mitochondria","25613900","IDH3A;IDH3A;ENSG00000166411; RP90"
"Retinitis Pigmentosa","RP91","153870","32817297",3617,"IMPG1","602870","Not reported",NA,"IMPG1;IMPG1;ENSG00000112706; RP91; VMD4; GP147; SPACR; IPM150"
"Retinitis Pigmentosa","RP","No MIM Number","32208788",80184,"CEP290","610142","Transition Zone",NA,"CEP290;CEP290;ENSG00000198707; CT87; MKS4; POC3; rd16; BBS14; JBTS5; LCA10; NPHP6; SLSN6; 3H11Ag"
"Retinitis Pigmentosa","RP","No MIM Number","33938610",51134,"CEP83","615847","Cilia","24882706","CEP83;CEP83;ENSG00000173588; CCDC41; NPHP18; NY-REN-58"
"Retinitis Pigmentosa","RP","No MIM Number","33910932",582,"BBS1","209901","Cilia","32759308","BBS1;BBS1;ENSG00000174483; BBS2L2"
"Retinitis Pigmentosa","RP","No MIM Number","35246562",29105,"CFAP20","617906","Cilia, Basal Body","20118210","CFAP20;CFAP20;ENSG00000070761; GTL3; BUG22; EVORF; fSAP23; C16orf80"
"RHYNS  Syndrome","RHYNS","602152","29891882",91147,"TMEM67","609884","Transition Zone","21725307","TMEM67;TMEM67;ENSG00000164953; MKS3; JBTS6; NPHP11; TNEM67; MECKELIN"
"Senior-Løken Syndrome","SLSN1","266900","9856524",4867,"NPHP1","607100","Transition Zone","21565611","NPHP1;NPHP1;ENSG00000144061; NPH1; JBTS4; SLSN1"
"Senior-Løken Syndrome","SLSN4","606996","11920287",261734,"NPHP4","607215","Transition Zone","21565611","NPHP4;NPHP4;ENSG00000131697; POC10; SLSN4"
"Senior-Løken Syndrome","SLSN5","609254","15723066, 21220633",9657,"IQCB1","609237","Transition Zone","15723066","IQCB1;IQCB1;ENSG00000173226; PIQ; NPHP5; SLSN5"
"Senior-Løken Syndrome","SLSN6","610189","16682973",80184,"CEP290","610142","Transition Zone","25859007","CEP290;CEP290;ENSG00000198707; CT87; MKS4; POC3; rd16; BBS14; JBTS5; LCA10; NPHP6; SLSN6; 3H11Ag"
"Senior-Løken Syndrome","SLSN7","613615","20835237",10806,"SDCCAG8","613524","Basal Body, Transition Zone","20835237","SDCCAG8;SDCCAG8;ENSG00000054282; BBS16; CCCAP; SLSN7; NPHP10; hCCCAP; HSPC085; NY-CO-8; CCCAP SLSN7"
"Senior-Løken Syndrome","SLSN8","616307","23683095",57728,"WDR19","608151","Axoneme","22019273","WDR19;WDR19;ENSG00000157796; ATD5; CED4; DYF-2; FAP66; ORF26; Oseg6; PWDMP; SRTD5; IFT144; NPHP13; SPGF72"
"Senior-Løken Syndrome","SLSN9","616629","26487268",26146,"TRAF3IP1","607380","Cilia, Transition Zone","19253336, 26487268","TRAF3IP1;TRAF3IP1;ENSG00000204104; IFT54; MIPT3; SLSN9; FAP116; MIP-T3"
"Senior-Løken Syndrome","SLSN","No MIM Number","22819833",27031,"NPHP3","608002","Cilia, Basal Body","20462968, 22328406","NPHP3;NPHP3;ENSG00000113971; MKS7; NPH3; RHPD; RHPD1; SLSN3; CFAP31"
"Short Stature, Onychodysplasia, Facial Dysmorphism, and Hypotrichosis","SOFT","614813","22840363",25886,"POC1A","614783","Not reported",NA,"POC1A;POC1A;ENSG00000164087; PIX2; SOFT; WDR51A"
"Short-rib Thoracic Dysplasia","SRTD2","611263","17468754",57560,"IFT80","611177","Cilia, Basal Body","15137945, 17468754","IFT80;IFT80;ENSG00000068885; ATD2; SRTD2; WDR56; FAP167"
"Short-rib Thoracic Dysplasia","SRTD3","613091","23456818",79659,"DYNC2H1","603297","Nucleoplasm,Mitochondria,Cytosol","25613900","DYNC2H1;DYNC2H1;ENSG00000187240; ATD3; DHC2; DHC1b; DNCH2; DYH1B; SRTD3; SRPS2B; hdhc11"
"Short-rib Thoracic Dysplasia","SRTD4","613819","25492405",79809,"TTC21B","612014","Cilia","24876116","TTC21B;TTC21B;ENSG00000123607; ATD4; THM1; FAP60; FLA17; SRTD4; IFT139; JBTS11; NPHP12; IFT139B; Nbla10696"
"Short-rib Thoracic Dysplasia","SRTD5","614376","19430947, 22019273",57728,"WDR19","608151","Axoneme","22019273","WDR19;WDR19;ENSG00000157796; ATD5; CED4; DYF-2; FAP66; ORF26; Oseg6; PWDMP; SRTD5; IFT144; NPHP13; SPGF72"
"Short-rib Thoracic Dysplasia","SRTD6","263520","25492405",4750,"NEK1","604588","Basal Body","18387364","NEK1;NEK1;ENSG00000137601; ALS24; SRPS2; SRTD6; SRPS2A; NY-REN-55"
"Short-rib Thoracic Dysplasia","SRTD7","614091","21473986",57539,"WDR35","613602","Transisiton Zone, Basal Body, Axoneme","15137945, 10.1016/j.mod.2009.06.702","WDR35;WDR35;ENSG00000118965; CED2; IFTA1; SRTD7; FAP118; IFT121"
"Short-rib Thoracic Dysplasia","SRTD8","615503","23910462, 25492405",55112,"DYNC2I1","615462","Cilia","23910462","DYNC2I1;DYNC2I1;ENSG00000126870; DIC6; SRPS6; SRTD8; WDR60; FAP163; CFAP163"
"Short-rib Thoracic Dysplasia","SRTD9","266920","23418020",9742,"IFT140","614620","Transition Zone, Axoneme","23141541","IFT140;IFT140;ENSG00000187535; RP80; MZSDS; SRTD9; WDTC2; gs114; c305C8.4; c380F5.1"
"Short-rib Thoracic Dysplasia","SRTD10","615630","24140113",26160,"IFT172","607386","Cilia, Axoneme","15137945, 24140113","IFT172;IFT172;ENSG00000138002; SLB; wim; RP71; BBS20; osm-1; NPHP17; SRTD10"
"Short-rib Thoracic Dysplasia","SRTD11","615633","24183451",89891,"DYNC2I2","613363","Cilia","25205765","DYNC2I2;DYNC2I2;ENSG00000119333; DIC5; WDR34; FAP133; SRTD11; CFAP133; bA216B9.3"
"Short-rib Thoracic Dysplasia","SRTD13","616300","25361962",153241,"CEP120","613446","Basal Body","20956381","CEP120;CEP120;ENSG00000168944; JBTS31; SRTD13; CCDC100"
"Short-rib Thoracic Dysplasia","SRTD14","616546","26166481",9786,"KIAA0586","610178","Basal Body","26386247","KIAA0586;KIAA0586;ENSG00000100578; JBTS23; SRTD14; Talpid3"
"Short-rib Thoracic Dysplasia","SRTD15","617088","26077881",51626,"DYNC2LI1","617083","Basal Body, Transition Zone","26130459","DYNC2LI1;DYNC2LI1;ENSG00000138036; LIC3; D2LIC; CGI-60"
"Short-rib Thoracic Dysplasia","SRTD16","617102","26880018, 27466190",51098,"IFT52","617094","Basal Body","11676918","IFT52;IFT52;ENSG00000101052; NGD2; NGD5; CGI-53; C20orf9"
"Short-rib Thoracic Dysplasia","SRTD17","617405","26044572",255758,"DYNLT2B","617353","Cilia","25205765","DYNLT2B;DYNLT2B;ENSG00000213123; SRTD17; TCTEX1D2"
"Short-rib Thoracic Dysplasia","SRTD18","617866","28400947",112752,"IFT43","614068","Basal Body","25243405","IFT43;IFT43;ENSG00000119650; CED3; RP81; SRTD18; C14orf179"
"Short-rib Thoracic Dysplasia","SRTD19","617895","27666822",28981,"IFT81","605489","Cilia","15955805, 26275418","IFT81;IFT81;ENSG00000122970; DV1; CDV1; CDV-1; CDV1R; CDV-1R; SRTD19"
"Short-rib Thoracic Dysplasia","SRTD20","617925","27158779",27152,"INTU","610621","Basal Body","31564489","INTU;INTU;ENSG00000164066; INT; OFD17; PDZD6; PDZK6; SRTD20; CPLANE4"
"Short-rib Thoracic Dysplasia","SRTD21","619479","29138412, 31816441",9851,"KIAA0753","617112","Centrosome,Cytosol","25613900","KIAA0753;KIAA0753;ENSG00000198920; MNR; OFIP; JBTS38; SRTD21"
"Short-rib Thoracic Dysplasia","SRTD","No MIM Number","33200460",156,"GRK2","109635","Cytosol","25613900","GRK2;GRK2;ENSG00000173020; BARK1; ADRBK1; BETA-ARK1"
"Smith-Lemli-Opitz Syndrome","SLOS","270400","33284321",1717,"DHCR7","602858","Basal Body","33284321","DHCR7;DHCR7;ENSG00000172893; SLOS"
"Simpson-Golabi-Behmel Syndrome","SGBS1","312870","9950367",2719,"GPC3","300037","Plasma membrane","25613900","GPC3;GPC3;ENSG00000147257; SGB; DGSX; MXR7; SDYS; SGBS; OCI-5; SGBS1; GTR2-2"
"Simpson-Golabi-Behmel Syndrome","SGBS2","300209","16783569",8481,"OFD1","300170","Basal Body, Transition Zone","15466260, 26068394","OFD1;OFD1;ENSG00000046651; RP23; 71-7A; SGBS2; CXorf5; JBTS10"
"Spinocerebellar Ataxia","SCA1","164400","17190598",6310,"ATXN1","601556","Nucleoplasm,Nucleoli,Cytosol","25613900","ATXN1;ATXN1;ENSG00000124788; ATX1; SCA1; D6S504E"
"Spinocerebellar Ataxia","SCA2","183090","8896555",6311,"ATXN2","601517","Cytosol","25613900","ATXN2;ATXN2;ENSG00000204842; ATX2; SCA2; TNRC13"
"Spinocerebellar Ataxia","SCA5","600224","16429157",6712,"SPTBN2","604985","Vesicles,Plasma membrane,Cytosol","25613900","SPTBN2;SPTBN2;ENSG00000173898; SCA5; SCAR14; GTRAP41"
"Spinocerebellar Ataxia","SCA6","183086","19817876",773,"CACNA1A","601011","Endoplasmic reticulum","25613900","CACNA1A;CACNA1A;ENSG00000141837; BI; EA2; FHM; MHP; APCA; HPCA; MHP1; SCA6; DEE42; CAV2.1; EIEE42; CACNL1A4"
"Spinocerebellar Ataxia","SCA7","164500","11030806",6314,"ATXN7","607640","Cilia","31432449","ATXN7;ATXN7;ENSG00000163635; SCA7; OPCA3; SGF73; ADCAII"
"Spinocerebellar Ataxia","SCA8","608768","18418692",724066,"ATXN8","613289","Not reported",NA,NA
"Spinocerebellar Ataxia","SCA10","603516","11017075",25814,"ATXN10","611150","Cilia","10.1101/2021.04.29.441883","ATXN10;ATXN10;ENSG00000130638; E46L; ATX10; SCA10; HUMEEP"
"Spinocerebellar Ataxia","SCA11","604432","18037885",146057,"TTBK2","611695","Transition Zone","23141541","TTBK2;TTBK2;ENSG00000128881; TTBK; SCA11"
"Spinocerebellar Ataxia","SCA12","604326","10581021",5521,"PPP2R2B","604325","Cytosol","25613900","PPP2R2B;PPP2R2B;ENSG00000156475; PR52B; SCA12; B55BETA; PR55BETA; PP2ABBETA; PP2APR55B; PR2ABBETA; PR55-BETA; PP2AB55BETA; PR2AB55BETA; PP2APR55BETA; PR2APR55BETA"
"Spinocerebellar Ataxia","SCA13","605259","16501573",3748,"KCNC3","176264","Cilia","33688626","KCNC3;KCNC3;ENSG00000131398; KV3.3; SCA13; KSHIIID"
"Spinocerebellar Ataxia","SCA14","605361","14676051, 12644968",5582,"PRKCG","5582","Not reported",NA,"PRKCG;PRKCG;ENSG00000126583; PKCC; PKCG; SCA14; PKCI(3); PKCgamma; PKC-gamma"
"Spinocerebellar Ataxia","SCA15","606658","17590087",3708,"ITPR1","147265","Vesicles","25613900","ITPR1;ITPR1;ENSG00000150995; ACV; CLA4; IP3R; IP3R1; SCA15; SCA16; SCA29; INSP3R1; PPP1R94"
"Spinocerebellar Ataxia","SCA17","607136","19917997",6908,"TBP","600075","Nucleoplasm","25613900","TBP;TBP;ENSG00000112592; HDL4; TBP1; GTF2D; SCA17; TFIID; GTF2D1"
"Spinocerebellar Ataxia","SCA19","607346","23280838",3752,"KCND3","605411","Not reported",NA,"KCND3;KCND3;ENSG00000171385; KV4.3; SCA19; SCA22; BRGDA9; KCND3L; KCND3S; KSHIVB"
"Spinocerebellar Ataxia","SCA21","607454","25070513",339453,"TMEM240","616101","Not reported",NA,"TMEM240;TMEM240;ENSG00000205090; SCA21; C1orf70"
"Spinocerebellar Ataxia","SCA23","610245","21035104",5173,"PDYN","131340","Not reported",NA,"PDYN;PDYN;ENSG00000101327; ADCA; PENKB; SCA23"
"Spinocerebellar Ataxia","SCA26","609306","23001565",1938,"eEF2","130610","Plasma membrane,Cytosol","25613900","EEF2;eEF2;ENSG00000167658; EF2; EF-2; EEF-2; SCA26"
"Spinocerebellar Ataxia","SCA27","609307","30017992",2259,"FGF14","601515","Nucleoli fibrillar center","25613900","FGF14;FGF14;ENSG00000102466; FHF4; FHF-4; SCA27; FGF-14"
"Spinocerebellar Ataxia","SCA28","610246","16251216, 20208537",10939,"AFG3L2","604581","Mitochondria","25613900","AFG3L2;AFG3L2;ENSG00000141385; OPA12; SCA28; SPAX5"
"Spinocerebellar Ataxia","SCA29","117360","22986007",3708,"ITPR1","147265","Vesicles","25613900","ITPR1;ITPR1;ENSG00000150995; ACV; CLA4; IP3R; IP3R1; SCA15; SCA16; SCA29; INSP3R1; PPP1R94"
"Spinocerebellar Ataxia","SCA31","117210","19878914",146227,"BEAN1","612051","Nucleoplasm,Centrosome","25613900","BEAN1;BEAN1;ENSG00000166546; BEAN; SCA31"
"Spinocerebellar Ataxia","SCA34","133190","26010696",6785,"ELOVL4","605512","Not reported",NA,"ELOVL4;ELOVL4;ENSG00000118402; ADMD; CT118; ISQMR; SCA34; STGD2; STGD3"
"Spinocerebellar Ataxia","SCA35","613908","21106500, 22554020",343641,"TGM6","613900","Not reported",NA,"TGM6;TGM6;ENSG00000166948; TG6; TGY; SCA35; TGM3L; dJ734P14.3"
"Spinocerebellar Ataxia","SCA36","614153","21683323",10528,"NOP56","614154","Nucleoli fibrillar center","25613900","NOP56;NOP56;ENSG00000101361; NOL5A; SCA36"
"Spinocerebellar Ataxia","SCA37","615945","28686858",1600,"DAB1","603448","Vesicles","25613900","DAB1;DAB1;ENSG00000173406; SCA37"
"Spinocerebellar Ataxia","SCA38","615957","25065913",60481,"ELOVL5","611805","Endoplasmic reticulum","25613900","ELOVL5;ELOVL5;ENSG00000012660; HELO1; SCA38; dJ483K16.1"
"Spinocerebellar Ataxia","SCA40","616053","25062847",440193,"CCDC88C","611204","Nucleoplasm,Nucleoli fibrillar center","25613900","CCDC88C;CCDC88C;ENSG00000015133; HYC1; DAPLE; HKRP2; SCA40; KIAA1509"
"Spinocerebellar Ataxia","SCA41","616410","25477146",7222,"TRPC3","602345","Not reported",NA,"TRPC3;TRPC3;ENSG00000138741; TRP3; SCA41"
"Spinocerebellar Ataxia","SCA42","616795","26456284, 26715324",8913,"CACNA1G","604065","Not reported",NA,"CACNA1G;CACNA1G;ENSG00000006283; NBR13; SCA42; Cav3.1; SCA42ND; Ca(V)T.1"
"Spinocerebellar Ataxia","SCA43","617018","27583304",4311,"MME","120520","Not reported",NA,"MME;MME;ENSG00000196549; NEP; SFE; CD10; CALLA; CMT2T; SCA43"
"Spinocerebellar Ataxia","SCA44","617691","29100096",2911,"GRM1","604473","Vesicles","25613900","GRM1;GRM1;ENSG00000152822; MGLU1; SCA44; GPRC1A; MGLUR1; SCAR13; PPP1R85"
"Spinocerebellar Ataxia","SCA45","617769","29053796",2196,"FAT2","604269","Not reported",NA,"FAT2;FAT2;ENSG00000086570; CDHF8; CDHR9; HFAT2; MEGF1; SCA45"
"Spinocerebellar Ataxia","SCA46","617770","29053796",23646,"PLD3","615698","Nucleoplasm,Endoplasmic reticulum,Cytosol","25613900","PLD3;PLD3;ENSG00000105223; AD19; HUK4; HU-K4; SCA46"
"Spinocerebellar Ataxia","SCA47","617931","29474920",9698,"PUM1","607204","Nucleoplasm,Cytosol","25613900","PUM1;PUM1;ENSG00000134644; PUMH; HSPUM; PUMH1; PUML1; SCA47"
"Spinocerebellar Ataxia","SCA48","618093","30381368",10273,"STUB1","607207","Nucleoplasm,Cytosol","25613900","STUB1;STUB1;ENSG00000103266; CHIP; SCA48; UBOX1; SCAR16; HSPABP2; NY-CO-7; SDCCAG7"
"Spinocerebellar Ataxia","SCAN1","607250","12244316",55775,"TDP1","607198","Nucleoplasm,Plasma membrane","25613900",NA
"Spinocerebellar Ataxia","SCAN2","606002","14770181",23064,"Setx","608465","Nucleoplasm,Cytokinetic bridge","25613900","SETX;Setx;ENSG00000107290; ALS4; AOA2; STEX; Sen1; SCAN2; SCAR1; bA479K20.2"
"Spinocerebellar Ataxia","SCAN3","618387","29718187",65260,"COA7","615623","Nucleoplasm,Mitochondria","25613900","COA7;COA7;ENSG00000162377; RESA1; SCAN3; SELRC1; C1orf163"
"Spondylometaphyseal Dysplasia","SMDAX","602271","26974433",755,"CFAP410","603191","Basal Body","26167768","CFAP410;CFAP410;ENSG00000160226; RDMS; SMDAX; LRRC76; YF5/A2; C21orf2"
"Spondylometaphyseal Dysplasia","SMDCF","184255","4419008",2335,"FN1","135600","Not reported",NA,"FN1;FN1;ENSG00000115414; FN; CIG; FNZ; MSF; ED-B; FINC; GFND; LETS; GFND2; SMDCF"
"Spondylometaphyseal Dysplasia","SMDK","184252","19232556",59341,"TRPV4","605427","Cilia","18024594, 28122715","TRPV4;TRPV4;ENSG00000111199; SMAL; VRL2; BCYM3; CMT2C; SPSMA; TRP12; VROAC; HMSN2C; OTRPC4; SSQTL1"
"Spondylometaphyseal Dysplasia","SMDMDM","613320","24786642",51025,"PAM16","614336","Nucleoplasm,Microtubules,Mitochondria","25613900","PAM16;PAM16;ENSG00000217930; TIM16; MAGMAS; SMDMDM; TIMM16; CGI-136"
"Spondylometaphyseal Dysplasia","SMDP","619638","34782440",5593,"PRKG2","601591","Not reported",NA,"PRKG2;PRKG2;ENSG00000138669; AMD4; PKG2; SMDP; cGK2; cGKII; PRKGR2"
"Spondylometaphyseal Dysplasia","SMDS","250220","9556300, 24706940",2879,"GPX4","138322","Nucleoplasm,Mitochondria","25613900","GPX4;GPX4;ENSG00000167468; MCSP; SMDS; GPx-4; PHGPx; snGPx; GSHPx-4; snPHGPx"
"Spondylometaphyseal Dysplasia","SPENCDI","607944","26854080, 21217752",54,"ACP5","171640","Cytosol","25613900","ACP5;ACP5;ENSG00000102575; HPAP; TRAP; TRAcP; TRACP5a; TRACP5b; TrATPase"
"STAR Syndrome","STAR","300707","28225384",92002,"CCNQ","300708","Nucleoplasm,Cytosol","25613900","CCNQ;CCNQ;ENSG00000262919; CycM; FAM58A"
"Stromme Syndrome","STROMS","243605","26820108",1063,"CENPF","600236","Axoneme, Basal Body","25564561","CENPF;CENPF;ENSG00000117724; CENF; hcp-1; CILD31; STROMS; PRO1779"
"Townes-Brocks Syndrome","TBS1","107480","29395072",6299,"SALL1","602218","Nucleoplasm,Nucleoli,Nuclear speckles,Cytosol","25613900","SALL1;SALL1;ENSG00000103449; TBS; HSAL1; Sal-1; ZNF794; HEL-S-89"
"Townes-Brocks Syndrome","TBS","No MIM ID","32553112",7798,"LUZP1","601422","Basal Body","32553112","LUZP1;LUZP1;ENSG00000169641; LUZP"
"Usher Syndrome","USH1B","276900","7870171",4647,"MYO7A","276903","Cilia, Transition Zone","9182663, 9227854","MYO7A;MYO7A;ENSG00000137474; DFNB2; MYU7A; NSRD2; USH1B; DFNA11; MYOVIIA"
"Usher Syndrome","USH1C","276904","10973247",10083,"USH1C","605242","Cytosol","25613900","USH1C;USH1C;ENSG00000006611; PDZ73; AIE-75; DFNB18; PDZ-45; PDZ-73; PDZD7C; DFNB18A; NY-CO-37; NY-CO-38; ush1cpst; PDZ-73/NY-CO-38"
"Usher Syndrome","USH1D","601067","21940737",64072,"CDH23","605516","Basal Body","19756182","CDH23;CDH23;ENSG00000107736; PITA5; USH1D; CDHR23"
"Usher Syndrome","USH1F","602083","11398101",65217,"PCDH15","605514","Cilia","21156003","PCDH15;PCDH15;ENSG00000150275; USH1F; CDHR15; DFNB23"
"Usher Syndrome","USH1G","606943","12588794",124590,"USH1G","607696","Cilia, Transition Zone","28137943, 31637240","USH1G;USH1G;ENSG00000182040; SANS; ANKS4A"
"Usher Syndrome","USH1J","614869","23023331",10518,"CIB2","605564","Cilia","26173970","CIB2;CIB2;ENSG00000136425; KIP2; USH1J; DFNB48"
"Usher Syndrome","USH2A","276901","9624053, 10729113",7399,"USH2A","608400","Basal Body","17906286","USH2A;USH2A;ENSG00000042781; US2; RP39; USH2; dJ1111A8.1"
"Usher Syndrome","USH2C","605472","14740321",84059,"ADGRV1","602851","Transition Zone","16434480","ADGRV1;ADGRV1;ENSG00000164199; FEB4; GPR98; MASS1; USH2B; USH2C; VLGR1; VLGR1b"
"Usher Syndrome","USH2C","605472","20440071",79955,"PDZD7","612971","Cilia","20440071","PDZD7;PDZD7;ENSG00000186862; PDZK7; DFNB57"
"Usher Syndrome","USH2D","611383","17171570",25861,"WHRN","607928","Cilia","12833159","WHRN;WHRN;ENSG00000095397; WI; CIP98; USH2D; DFNB31; PDZD7B"
"Usher Syndrome","USH3A","276902","15521980",7401,"CLRN1","606397","Cilia","19539019","CLRN1;CLRN1;ENSG00000163646; RP61; USH3; USH3A"
"Usher Syndrome","USH3B","614504","22279524",3035,"HARS1","142810","Cytosol","25613900","HARS1;HARS1;ENSG00000170445; HRS; HARS; CMT2W; USH3B"
"Usher Syndrome","USH4","618144","29300381, 32455177",22901,"ARSG","610008","Not reported",NA,"ARSG;ARSG;ENSG00000141337; USH4"
"Visceral Heterotaxy","HTX1","306955","9354794",7547,"ZIC3","300265","Nucleoplasm","25613900","ZIC3;ZIC3;ENSG00000156925; HTX; HTX1; ZNF203; VACTERLX"
"Visceral Heterotaxy","HTX2","605376","11062482",55997,"CFC1","605194","Not reported",NA,"CFC1;CFC1;ENSG00000136698; HTX2; CFC1B; DTGA2; CRYPTIC"
"Visceral Heterotaxy","HTX3","606325","12607115",27244,"SESN1","606103","Nucleoplasm,Nucleoli fibrillar center","25613900","SESN1;SESN1;ENSG00000080546; PA26; SEST1"
"Visceral Heterotaxy","HTX4","613751","9916847",93,"ACVR2B","602730","Not reported",NA,"ACVR2B;ACVR2B;ENSG00000114739; HTX4; ACTRIIB; ActR-IIB"
"Visceral Heterotaxy","HTX5","270100","19064609",4838,"NODAL","601265","Not reported",NA,"NODAL;NODAL;ENSG00000156574; HTX5"
"Visceral Heterotaxy","HTX6","614779","22577226, 25504577",220136,"CFAP53","614759","Cilia, Axoneme","33347437","CFAP53;CFAP53;ENSG00000172361; HTX6; CCDC11"
"Visceral Heterotaxy","HTX7","616749","26437028, 26429889",118856,"MMP21","608416","Not reported",NA,"MMP21;MMP21;ENSG00000154485; HTX7; MMP-21"
"Visceral Heterotaxy","HTX8","617205","27616478",168507,"PKD1L1","609721","Cilia","21307093","PKD1L1;PKD1L1;ENSG00000158683; HTX8; PRO19563"
"Visceral Heterotaxy","HTX9","618948","30148830",55329,"MNS1","610766","Axoneme","30148830","MNS1;MNS1;ENSG00000138587; HTX9; SPATA40"
"Visceral Heterotaxy","HTX10","619607","33139725",146845,"CFAP52","609804","Basal Body","32859975","CFAP52;CFAP52;ENSG00000166596; HTX10; WDR16; WDRPUH"
"Visceral Heterotaxy","HTX11","619608","33139725",25790,"CFAP45","605152","Cilia","33139725","CFAP45;CFAP45;ENSG00000213085; HTX11; NESG1; CCDC19"
"Visceral Heterotaxy","HTX","No MIM Number","33547761",79809,"TTC21B","612014","Cilia","24876116","TTC21B;TTC21B;ENSG00000123607; ATD4; THM1; FAP60; FLA17; SRTD4; IFT139; JBTS11; NPHP12; IFT139B; Nbla10696"
"Visceral Heterotaxy","HTX","No MIM Number","33196317",54862,"CC2D1A","610055","Nucleoli fibrillar center,Plasma membrane,Cytosol","25613900","CC2D1A;CC2D1A;ENSG00000132024; Lgd2; MRT3; TAPE; Aki-1; FREUD-1; Freud-1/Aki1"
"Weyers Acrofacial Dysostosis","WAD","193530","10700184, 23220543",2121,"EVC","604831","Cilia, Basal Body","21356043","EVC;EVC;ENSG00000072840; EVC1; EVCL; DWF-1"
"Weyers Acrofacial Dysostosis","WAD","193530","16404586, 23220543",132884,"EVC2","607261","Cilia, Basal Body","21356043","EVC2;EVC2;ENSG00000173040; LBN; WAD"
