"Ciliopathy","Abbreviation","OMIM Phenotype Number","Disease/Gene Reference","Human Gene ID","Human Gene Name","Gene MIM Number","Drosophila melanogaster Gene Name","Subcellular Localization","Localisation Reference","Synonym"
"Acrocallosal Syndrome","ACLS","200990","21552264",374654,"KIF7","611254","cos","Cilia, Axoneme","19666503, 19592253","KIF7;KIF7;ENSG00000166813; ACLS; AGBK; HLS2; JBTS12; UNQ340"
"Al-Gazali-Bakalinova Syndrome","AGBK","607131","22587682",374654,"KIF7","611254","cos","Cilia, Axoneme","19666503, 19592253","KIF7;KIF7;ENSG00000166813; ACLS; AGBK; HLS2; JBTS12; UNQ340"
"Ataxia-telangiectasia-like Disorder","ATLD1","604391","10612394, 11371508",4361,"MRE11","600814","mre11","Nucleoplasm","25613900","MRE11;MRE11;ENSG00000020922; ATLD; HNGS1; MRE11A; MRE11B"
"Autosomal Dominant Polycystic Kidney Disease (ADPK)","PKD6","618061","29706351",51726,"DNAJB11","611341","shv","Endoplasmic reticulum","25613900","DNAJB11;DNAJB11;ENSG00000090520; DJ9; EDJ; Dj-9; ERj3; PKD6; ABBP2; ERdj3; ERj3p; ABBP-2; UNQ537; PRO1080"
"Autosomal Dominant Polycystic Kidney Disease (ADPK)","PKD2","613095","7825585, 11438989",5311,"PKD2","173910","Pkd2","Cilia","12239239, 12062067","PKD2;PKD2;ENSG00000118762; PC2; PKD4; Pc-2; APKD2; TRPP2"
"Autosomal Dominant Polycystic Kidney Disease (ADPK)","PKD1","173900","8004675",5310,"PKD1","601313","Lrt","Cilia","12239239","PKD1;PKD1;ENSG00000008710; PBP; PC1; Pc-1; TRPP1"
"Autosomal Dominant Polycystic Kidney Disease (ADPK)","PKD3","600666","27259053",23193,"GANAB","104160","GCS2alpha","Endoplasmic reticulum","25613900","GANAB;GANAB;ENSG00000089597; G2AN; GIIA; PKD3; GLUII"
"Autosomal Dominant Polycystic Kidney Disease","PKD","No MIM Number","34890546",9742,"IFT140","614620","rempA","Transition Zone, Axoneme","23141541","IFT140;IFT140;ENSG00000187535; RP80; MZSDS; SRTD9; WDTC2; gs114; c305C8.4; c380F5.1"
"Autosomal Dominant Polycystic Kidney Disease","PKD","No MIM Number","34886911",55856,"ACOT13","615652","CG16986
","Cell Junctions","25613900","ACOT13;ACOT13;ENSG00000112304; HT012; THEM2; PNAS-27"
"Autosomal Dominant Polycystic Kidney Disease","PKD","No MIM Number","34886911",55856,"ACOT13","615652","CG16985
","Cell Junctions","25613900","ACOT13;ACOT13;ENSG00000112304; HT012; THEM2; PNAS-27"
"Autosomal Dominant Polycystic Kidney Disease","PKD","No MIM Number","34886911",5732,"PTGER2","176804","CG7497","Not reported",NA,"PTGER2;PTGER2;ENSG00000125384; EP2"
"Autosomal Dominant Polycystic Kidney Disease","PKD","No MIM Number","31395617",79796,"ALG9","606941","Alg9
","Endoplasmic reticulum","25613900","ALG9;ALG9;ENSG00000086848; CDG1L; DIBD1; GIKANIS; LOH11CR1J"
"Polycystic Kidney Disease","PKD","No MIM Number","33012205",2735,"GLI1","165220","ci
","Cilia","21209912","GLI1;GLI1;ENSG00000111087; GLI; PPD1; PAPA8"
"Polycystic Kidney Disease","PKD","No MIM Number","32841164",5373,"PMM2","601785","Pmm2
","Nucleoplasm,Cytosol","25613900","PMM2;PMM2;ENSG00000140650; PMI; CDG1; CDGS; PMI1; CDG1a; PMM 2"
"Polycystic Kidney Disease","PKD","No MIM Number","34469896",5298,"PI4KB","602758","fwd
","Golgi apparatus","25613900","PI4KB;PI4KB;ENSG00000143393; NPIK; PI4K92; PIK4CB; PI4KIII; PI4KBETA; PI4K-BETA; PI4KIIIBETA"
"Polycystic Kidney Disease","PKD","No MIM Number","34548398",92104,"TTC30A","No MIM Number","Ttc30
","Basal Body","20534810","TTC30A;TTC30A;ENSG00000197557; FAP259; IFT70A; TTC30B"
"Bardet–Biedl Syndrome","BBS1","209900","9039982, 20177705",582,"BBS1","209901","BBS1","Cilia","32759308","BBS1;BBS1;ENSG00000174483; BBS2L2"
"Bardet–Biedl Syndrome","BBS3","600151","15314642",84100,"ARL6","608845","Arl6","Basal Body, Transition Zone","15314642","ARL6;ARL6;ENSG00000113966; BBS3; RP55"
"Bardet–Biedl Syndrome","BBS4","615982","12016587, 15654695",585,"BBS4","600374","BBS4","Cilia, Basal Body","15107855, 17574030",NA
"Bardet–Biedl Syndrome","BBS5","615983","25982971",129880,"BBS5","603650","BBS5","Cilia, Basal Body","15137946, 32759308",NA
"Bardet–Biedl Syndrome","BBS8","615985","14520415",123016,"TTC8","608132","BBS8","Basal Body","14520415","TTC8;TTC8;ENSG00000165533; BBS8; RP51"
"Bardet–Biedl Syndrome","BBS9","615986","16380913, 33771153",27241,"BBS9","607968","BBS9","Cilia","32759308","BBS9;BBS9;ENSG00000122507; B1; D1; C18; PTHB1"
"Bardet–Biedl Syndrome","BBS13","615990","18327255, 10.1371/journal.pone.0090599",54903,"MKS1","609883","Mks1","Basal Body, Transition Zone","17185389, 18337471","MKS1;MKS1;ENSG00000011143; MES; MKS; BBS13; POC12; JBTS28"
"Bardet–Biedl Syndrome","BBS14","615991","18327255",80184,"CEP290","610142","cep290","Transition Zone","25859007","CEP290;CEP290;ENSG00000198707; CT87; MKS4; POC3; rd16; BBS14; JBTS5; LCA10; NPHP6; SLSN6; 3H11Ag"
"Bardet–Biedl Syndrome","BBS15","615992","20671153",51057,"WDPCP","613580","frtz","Transition Zone","24302887","WDPCP;WDPCP;ENSG00000143951; FRTZ; BBS15; FRITZ; CHDTHP; C2orf86; CPLANE5"
"Bardet–Biedl Syndrome","BBS16","615993","22190896, 22626039",10806,"SDCCAG8","613524","CG45105","Basal Body, Transition Zone","20835237","SDCCAG8;SDCCAG8;ENSG00000054282; BBS16; CCCAP; SLSN7; NPHP10; hCCCAP; HSPC085; NY-CO-8; CCCAP SLSN7"
"Bardet–Biedl Syndrome","BBS18","615995","24026985",92482,"BBIP1","613605","BBIP1","Cilia","19081074, 24026985","BBIP1;BBIP1;ENSG00000214413; BBS18; BBIP10; bA348N5.3; NCRNA00081"
"Bardet–Biedl Syndrome","BBS20","619471","25168386",26160,"IFT172","607386","Oseg2","Cilia, Axoneme","15137945, 24140113","IFT172;IFT172;ENSG00000138002; SLB; wim; RP71; BBS20; osm-1; NPHP17; SRTD10"
"Bazex-Dupré-Christol Syndrome","BZX","301845","33972689",139741,"ACTRT1","300487","Arp53D
","Basal Body","33972689","ACTRT1;ACTRT1;ENSG00000123165; AIP1; ARIP1; ARPT1; HSD27"
"Biliary, Renal, Neurologic, and Skeletal Syndrome","BRENS","619534","34177428",79989,"TTC26","617453","Ttc26
","Transition Zone","22718903","TTC26;TTC26;ENSG00000105948; BRENS; DYF13; IFT56; dyf-13"
"Birt-Hogg-Dubé Syndrome","BHD","135150","12204536, 23784378",201163,"FLCN","607273","BHD","Cilia","23784378","FLCN;FLCN;ENSG00000154803; BHD; FLCL; DENND8B"
"Carpenter Syndrome","CRPT1","201000","10.5336/medsci.2010-19822, 25168863",51715,"RAB23","606144","Rab23","Cilia","26136363","RAB23;RAB23;ENSG00000112210; HSPC137"
"Carpenter Syndrome","CRPT2","614976","23063620",1954,"MEGF8","604267","Megf8","Not reported",NA,"MEGF8;MEGF8;ENSG00000105429; SBP1; CRPT2; EGFL4; C19orf49"
"COACH Syndrome","COACH1","216360","19058225, 19574260",91147,"TMEM67","609884","CG15923","Transition Zone","21725307","TMEM67;TMEM67;ENSG00000164953; MKS3; JBTS6; NPHP11; TNEM67; MECKELIN"
"COACH Syndrome","COACH2","619111","19574260",57545,"CC2D2A","612013","Cc2d2a","Basal Body, Transition Zone","18950740, 22179047","CC2D2A;CC2D2A;ENSG00000048342; MKS6; RP93; JBTS9; COACH2"
"COACH Syndrome","COACH","No MIM Number","33580824",5373,"PMM2","601785","Pmm2
","Nucleoplasm,Cytosol","25613900","PMM2;PMM2;ENSG00000140650; PMI; CDG1; CDGS; PMI1; CDG1a; PMM 2"
"Complex Lethal Osteochondrodysplasia","OCLSBG","616897","26365339",202018,"TAPT1","612758","CG7218","Basal Body","26365339","TAPT1;TAPT1;ENSG00000169762; CMVFR; OCLSBG"
"Cone-Rod Dystrophy","CORD6","601777","10647719",3000,"GUCY2D","600179","CG34357","Cilia","10.1101/2020.12.15.417840","GUCY2D;GUCY2D;ENSG00000132518; LCA; CG-E; CYGD; LCA1; RCD2; CACD1; CORD5; CORD6; GUC2D; ROSGC; retGC; CSNB1I; GUC1A4; RETGC-1; ROS-GC1"
"Cone-Rod Dystrophy","CORD7","603649","9634506, 12659814",22999,"RIMS1","606629","Fife","Not reported",NA,"RIMS1;RIMS1;ENSG00000079841; RIM; RIM1; CORD7; RAB3IP2"
"Cone-Rod Dystrophy","CORD15","613660","20805371",92211,"CDHR1","609502","Cad86C","Cilia","33330480","CDHR1;CDHR1;ENSG00000148600; RP65; PRCAD; CORD15; PCDH21"
"Cone-Rod Dystrophy","CORD19","615860","24791901",23093,"TTLL5","612268","TTLL5","Cilia","24791901","TTLL5;TTLL5;ENSG00000119685; STAMP; CORD19; KIAA0998"
"Cone-Rod Dystrophy","CORD22","619531","33077892",83723,"TLCD3B","615175","CG17841","Not reported",NA,"TLCD3B;TLCD3B;ENSG00000149926; CORD22; FAM57B; FP1188"
"Cone-Rod Dystrophy","CORDX1","304020","11875055, 11857109",6103,"RPGR","312610","CG33288","Transition Zone, Basal Body, Axoneme","12766038, 16043481","RPGR;RPGR;ENSG00000156313; CRD; RP3; COD1; PCDX; RP15; XLRP3; orf15; CORDX1"
"Congenital Heart Disease","HDCA","600001","22158542, 22962692",2627,"GATA6","601656","srp","Nucleoplasm","25613900",NA
"Cornelia de Lange Syndrome","CDLS1","122470","15146185, 15146186",25836,"NIPBL","608667","Nipped-B","Nucleoplasm,Vesicles,Cytosol","25613900","NIPBL;NIPBL;ENSG00000164190; CDLS; IDN3; Scc2; CDLS1; IDN3-B"
"Cornelia de Lange Syndrome","CDLS2","300590","16604071, 17273969",8243,"SMC1A","300040","SMC1","Cilia","16043481","SMC1A;SMC1A;ENSG00000072501; SMC1; SMCB; CDLS2; DEE85; SB1.8; EIEE85; SMC1L1; DXS423E; SMC1alpha"
"Cornelia de Lange Syndrome","CDLS3","610759","17273969",9126,"SMC3","606062","SMC3","Cilia","16043481","SMC3;SMC3;ENSG00000108055; BAM; BMH; HCAP; CDLS3; CSPG6; SMC3L1"
"Cornelia de Lange Syndrome","CDLS4","614701","22633399",5885,"RAD21","606462","vtd","Nucleoplasm","25613900","RAD21;RAD21;ENSG00000164754; MGS; HR21; MCD1; NXP1; SCC1; CDLS4; hHR21; HRAD21"
"Cornelia de Lange Syndrome",NA,"No MIM Number","25652421",29123,"ANKRD11","611192","CG10984","Nucleoplasm,Cytosol","25613900","ANKRD11;ANKRD11;ENSG00000167522; T13; LZ16; ANCO1; ANCO-1"
"Cranioectodermal Dysplasia","CED1","218330","20493458",55764,"IFT122","606045","Oseg1","Cilia","15137945","IFT122;IFT122;ENSG00000163913; CED; SPG; CED1; FAP80; WDR10; WDR10p; WDR140"
"Cranioectodermal Dysplasia","CED2","613610","20817137",57539,"WDR35","613602","Oseg4","Transisiton Zone, Basal Body, Axoneme","15137945, 10.1016/j.mod.2009.06.702","WDR35;WDR35;ENSG00000118965; CED2; IFTA1; SRTD7; FAP118; IFT121"
"Cranioectodermal Dysplasia","CED3","614099","21378380",112752,"IFT43","614068","IFT43","Basal Body","25243405","IFT43;IFT43;ENSG00000119650; CED3; RP81; SRTD18; C14orf179"
"Cranioectodermal Dysplasia","CED4","614378","22019273",57728,"WDR19","608151","Oseg6","Axoneme","22019273","WDR19;WDR19;ENSG00000157796; ATD5; CED4; DYF-2; FAP66; ORF26; Oseg6; PWDMP; SRTD5; IFT144; NPHP13; SPGF72"
"Cranioectodermal Dysplasia",NA,"No MIM Number","28288023",9742,"IFT140","614620","rempA","Transition Zone, Axoneme","23141541","IFT140;IFT140;ENSG00000187535; RP80; MZSDS; SRTD9; WDTC2; gs114; c305C8.4; c380F5.1"
"Cranioectodermal Dysplasia",NA,"No MIM Number","26880018",51098,"IFT52","617094","IFT52","Basal Body","11676918","IFT52;IFT52;ENSG00000101052; NGD2; NGD5; CGI-53; C20orf9"
"Greig Cephalopolysyndactyly Syndrome","GCPS","175700","9302279",2737,"GLI3","165240","ci","Cilia","16254602","GLI3;GLI3;ENSG00000106571; PHS; ACLS; GCPS; PAPA; PAPB; PAP-A; PAPA1; PPDIV; GLI3FL; GLI3-190"
"Holoprosencephaly","HPE2","157170","10369266, 17001667",6496,"SIX3","603714","Optix","Nucleoplasm","25613900","SIX3;SIX3;ENSG00000138083; HPE2"
"Holoprosencephaly","HPE3","142945","8896572, 11479728, 11941477",6469,"SHH","600725","hh","Cilia","17641202","SHH;SHH;ENSG00000164690; TPT; HHG1; HLP3; HPE3; SMMCI; ShhNC; TPTPS; MCOPCB5"
"Holoprosencephaly","HPE5","609637","9771712",7546,"ZIC2","603073","opa","Nuclear bodies","25613900","ZIC2;ZIC2;ENSG00000043355; HPE5"
"Holoprosencephaly","HPE7","610828","11941477, 17001668",5727,"PTCH1","601309","ptc","Cilia","17641202","PTCH1;PTCH1;ENSG00000185920; PTC; BCNS; PTC1; PTCH; NBCCS"
"Holoprosencephaly","HPE11","614226","21802063",50937,"CDON","608707","ihog","Not reported",NA,"CDON;CDON;ENSG00000064309; CDO; Ihog; CDON1; HPE11; ORCAM"
"Holoprosencephaly","HPE12","618500","31006513",23019,"CNOT1","604917","Not1","Cytosol","25613900","CNOT1;CNOT1;ENSG00000125107; NOT1; CDC39; HPE12; NOT1H; VIBOS; AD-005"
"Holoprosencephaly","HPE13","301043","31334757",10735,"STAG2","300826","SA-2","Nucleoplasm,Nucleoli,Nucleoli fibrillar center","25613900","STAG2;STAG2;ENSG00000101972; SA2; MKMS; SA-2; HPE13; SCC3B; NEDXCF; bA517O1.1"
"Hydrolethalus Syndrome","HLS1","236680","15843405",219844,"HYLS1","610693","CG42231","Basal Body","32509774","HYLS1;HYLS1;ENSG00000198331; HLS"
"Hydrolethalus Syndrome","HLS2","614120","21552264",374654,"KIF7","611254","cos","Cilia, Axoneme","19666503, 19592253","KIF7;KIF7;ENSG00000166813; ACLS; AGBK; HLS2; JBTS12; UNQ340"
"Joubert Syndrome","JBTS1","213300","19668216, 23386033",56623,"INPP5E","613037","INPP5E","Cilia, Axoneme","19668216, 19668217","INPP5E;INPP5E;ENSG00000148384; CPD4; CORS1; JBTS1; MORMS; PPI5PIV; pharbin"
"Joubert Syndrome","JBTS5","610188","16682970",80184,"CEP290","610142","cep290","Transition Zone","25859007","CEP290;CEP290;ENSG00000198707; CT87; MKS4; POC3; rd16; BBS14; JBTS5; LCA10; NPHP6; SLSN6; 3H11Ag"
"Joubert Syndrome","JBTS6","610688","17160906",91147,"TMEM67","609884","CG15923","Transition Zone","21725307","TMEM67;TMEM67;ENSG00000164953; MKS3; JBTS6; NPHP11; TNEM67; MECKELIN"
"Joubert Syndrome","JBTS9","612285","22241855",57545,"CC2D2A","612013","Cc2d2a","Basal Body, Transition Zone","18950740, 22179047","CC2D2A;CC2D2A;ENSG00000048342; MKS6; RP93; JBTS9; COACH2"
"Joubert Syndrome","JBTS12","200990","21633164",374654,"KIF7","611254","cos","Cilia, Axoneme","19666503, 19592253","KIF7;KIF7;ENSG00000166813; ACLS; AGBK; HLS2; JBTS12; UNQ340"
"Joubert Syndrome","JBTS14","614424","22152675",65062,"TMEM237","614423","CG14186","Transition Zone","22152675","TMEM237;TMEM237;ENSG00000155755; JBTS14; ALS2CR4"
"Joubert Syndrome","JBTS16","614465","22282472",51524,"TMEM138","614459","CG13999","Cilia, Axoneme","22282472","TMEM138;TMEM138;ENSG00000149483; HSPC196"
"Joubert Syndrome","JBTS18","614815","22883145",26123,"TCTN3","613847","tctn","Transition Zone","21725307","TCTN3;TCTN3;ENSG00000119977; OFD4; TECT3; JBTS18; C10orf61"
"Joubert Syndrome","JBTS19","614844","22863007",23090,"ZNF423","604557","Oaz","Nucleoplasm","25613900","ZNF423;ZNF423;ENSG00000102935; OAZ; Roaz; hOAZ; Ebfaz; JBTS19; NPHP14; ZFP423; Zfp104"
"Joubert Syndrome","JBTS20","614970","23012439",79583,"TMEM231","614949","CG14020","Basal Body, Transition Zone","22179047","TMEM231;TMEM231;ENSG00000205084; MKS11; JBTS20; ALYE870; PRO1886"
"Joubert Syndrome","JBTS22","615665","24166846, 30423442",5147,"PDE6D","602676","PrBP","Basal Body","24166846","PDE6D;PDE6D;ENSG00000156973; PDED; JBTS22"
"Joubert Syndrome","JBTS25","616781","26477546",9731,"CEP104","616690","CG10137","Cilia","23970417","CEP104;CEP104;ENSG00000116198; GlyBP; ROC22; JBTS25; CFAP256; KIAA0562"
"Joubert Syndrome","JBTS27","617120","24886560",27077,"B9D1","614144","B9d1","Transition Zone","18337471","B9D1;B9D1;ENSG00000108641; B9; MKS9; EPPB9; MKSR1; JBTS27; MKSR-1"
"Joubert Syndrome","JBTS28","617121","24886560",54903,"MKS1","609883","Mks1","Basal Body, Transition Zone","17185389, 18337471","MKS1;MKS1;ENSG00000011143; MES; MKS; BBS13; POC12; JBTS28"
"Joubert Syndrome","JBTS31","617761","27208211",153241,"CEP120","613446","rha","Basal Body","20956381","CEP120;CEP120;ENSG00000168944; JBTS31; SRTD13; CCDC100"
"Joubert Syndrome","JBTS32","617757","10.1016/j.ajhg.2017.08.017",51684,"SUFU","607035","Su(fu)","Cilia","16254602","SUFU;SUFU;ENSG00000107882; SUFUH; JBTS32; SUFUXL; PRO1280"
"Joubert Syndrome","JBTS34","614175","26092869",80776,"B9D2","611951","B9d2","Transition Zone","18337471","B9D2;B9D2;ENSG00000123810; MKS10; MKSR2; ICIS-1; JBTS34; MKSR-2"
"Joubert Syndrome","JBTS35","618161","30269812",403,"ARL3","604695","dnd","Cilia","30952667","ARL3;ARL3;ENSG00000138175; RP83; ARFL3; JBTS35"
"Joubert Syndrome","JBTS37","619185","32453716",23116,"TOGARAM1","617618","CG42399","Cilia *","32453716","TOGARAM1;TOGARAM1;ENSG00000198718; JBTS37; FAM179B; KIAA0423"
"Joubert syndrome","JBTS","No MIM Number","33131181",25776,"CBY1","607757","Cby
","Basal Body","25103236","CBY1;CBY1;ENSG00000100211; CBY; arb1; PGEA1; C22orf2; Chibby1; PIGEA14; PIGEA-14; HS508I15A"
"Joubert syndrome","JBTS","No MIM Number","34205586",54862,"CC2D1A","610055","l(2)gd1","Nucleoli fibrillar center,Plasma membrane,Cytosol","25613900","CC2D1A;CC2D1A;ENSG00000132024; Lgd2; MRT3; TAPE; Aki-1; FREUD-1; Freud-1/Aki1"
"Joubert syndrome","JBTS","No MIM Number","34750010",56999,"ADAMTS9","605421","AdamTS-A
","Cilia","30814516",NA
"Joubert syndrome","JBTS","No MIM Number","34423300",284217,"LAMA1","150320","wb","Not reported",NA,"LAMA1;LAMA1;ENSG00000101680; LAMA; PTBHS; S-LAM-alpha"
"Juvenile Myoclonic Epilepsy","EJM6","607682","10762541",785,"CACNB4","601949","Ca-beta","Not reported",NA,"CACNB4;CACNB4;ENSG00000182389; EA5; EJM; CAB4; EIG9; EJM4; EJM6; CACNLB4"
"Juvenile Myoclonic Epilepsy","EJM8","607628","19710717",1181,"CLCN2","600570","ClC-a","Cytosol","25613900","CLCN2;CLCN2;ENSG00000114859; CLC2; ECA2; ECA3; EGI3; EGMA; EJM6; EJM8; CIC-2; EGI11; HALD2; LKPAT; clC-2"
"Juvenile Myoclonic Epilepsy","EJM10","617924","29539279",22858,"CILK1","612325","CG42366","Cilia","24797473",NA
"Leber Congenital Amaurosis","LCA1","204000","23035049",3000,"GUCY2D","600179","CG34357","Cilia","10.1101/2020.12.15.417840","GUCY2D;GUCY2D;ENSG00000132518; LCA; CG-E; CYGD; LCA1; RCD2; CACD1; CORD5; CORD6; GUC2D; ROSGC; retGC; CSNB1I; GUC1A4; RETGC-1; ROS-GC1"
"Leber Congenital Amaurosis","LCA2","204100","12960219, 14962443",6121,"RPE65","180069","ninaB","Not reported",NA,"RPE65;RPE65;ENSG00000116745; p63; BCO3; LCA2; RP20; rd12; mRPE65; sRPE65"
"Leber Congenital Amaurosis","LCA5","604537","12642313",167691,"LCA5","611408","CG6652","Cilia","17546029","LCA5;LCA5;ENSG00000135338; C6orf152"
"Leber Congenital Amaurosis","LCA8","613835","11231775",23418,"CRB1","604210","crb","Vesicles","25613900","CRB1;CRB1;ENSG00000134376; LCA8; RP12; CRB1-A; CRB1-B; CRB1-C"
"Leber Congenital Amaurosis","LCA9","608553","22842230",64802,"NMNAT1","608700","Nmnat","Basal Body","29674119","NMNAT1;NMNAT1;ENSG00000173614; LCA9; NMNAT; PNAT1; SHILCA"
"Leber Congenital Amaurosis","LCA10","611755","16909394",80184,"CEP290","610142","cep290","Transition Zone","25859007","CEP290;CEP290;ENSG00000198707; CT87; MKS4; POC3; rd16; BBS14; JBTS5; LCA10; NPHP6; SLSN6; 3H11Ag"
"Leber Congenital Amaurosis","LCA11","613837","16384941",3614,"IMPDH1","146690","ras","Cytosol,Rods & Rings","25613900","IMPDH1;IMPDH1;ENSG00000106348; IMPD; RP10; IMPD1; LCA11; IMPDH-I; sWSS2608"
"Leber Congenital Amaurosis","LCA16","614186","25921210",3769,"KCNJ13","603208","Irk3","Nuclear membrane","25613900","KCNJ13;KCNJ13;ENSG00000115474; SVD; LCA16; KIR1.4; KIR7.1"
"Leber Congenital Amaurosis","LCA19","618513","30573563",85015,"USP45","618439","Usp16-45","Nucleoplasm,Cytosol","25613900","USP45;USP45;ENSG00000123552; LCA19"
"Leber Congenital Amaurosis","LCA","No MIM Number","20881296",9657,"IQCB1","609237","CG43796","Transition Zone","15723066","IQCB1;IQCB1;ENSG00000173226; PIQ; NPHP5; SLSN5"
"Leber Congenital Amaurosis","LCA","No MIM Number","33711342",56623,"INPP5E","613037","INPP5E
","Cilia, Axoneme","19668216, 19668216","INPP5E;INPP5E;ENSG00000148384; CPD4; CORS1; JBTS1; MORMS; PPI5PIV; pharbin"
"Meckel–Gruber Syndrome","MKS1","249000","17935508",54903,"MKS1","609883","Mks1","Basal Body, Transition Zone","17185389, 18337471","MKS1;MKS1;ENSG00000011143; MES; MKS; BBS13; POC12; JBTS28"
"Meckel–Gruber Syndrome","MKS3","607361","12384791, 16415887",91147,"TMEM67","609884","CG15923","Transition Zone","21725307","TMEM67;TMEM67;ENSG00000164953; MKS3; JBTS6; NPHP11; TNEM67; MECKELIN"
"Meckel–Gruber Syndrome","MKS4","611134","17564974, 17705300",80184,"CEP290","610142","cep290","Transition Zone","25859007","CEP290;CEP290;ENSG00000198707; CT87; MKS4; POC3; rd16; BBS14; JBTS5; LCA10; NPHP6; SLSN6; 3H11Ag"
"Meckel–Gruber Syndrome","MKS6","612284","18513680",57545,"CC2D2A","612013","Cc2d2a","Basal Body, Transition Zone","18950740, 22179047","CC2D2A;CC2D2A;ENSG00000048342; MKS6; RP93; JBTS9; COACH2"
"Meckel–Gruber Syndrome","MKS9","614209","21493627",27077,"B9D1","614144","B9d1","Transition Zone","18337471","B9D1;B9D1;ENSG00000108641; B9; MKS9; EPPB9; MKSR1; JBTS27; MKSR-1"
"Meckel–Gruber Syndrome","MKS10","614175","21763481",80776,"B9D2","611951","B9d2","Transition Zone","18337471","B9D2;B9D2;ENSG00000123810; MKS10; MKSR2; ICIS-1; JBTS34; MKSR-2"
"Meckel–Gruber Syndrome","MKS11","615397","23349226",79583,"TMEM231","614949","CG14020","Basal Body, Transition Zone","22179047","TMEM231;TMEM231;ENSG00000205084; MKS11; JBTS20; ALYE870; PRO1886"
"Meckel–Gruber Syndrome","MKS12","616258","24128419",9928,"KIF14","611279","neb","Axoneme","32348467","KIF14;KIF14;ENSG00000118193; MKS12; MCPH20"
"Meckel-Gruber syndrome","MKS","No MIM Number","34096792",26123,"TCTN3","613847","tctn
","Transition Zone","21725307","TCTN3;TCTN3;ENSG00000119977; OFD4; TECT3; JBTS18; C10orf61"
"Meckel-Gruber syndrome","MKS","No MIM Number","27894351, 30138887",79770,"TXNDC15","617778","bug
","Golgi apparatus","25613900","TXNDC15;TXNDC15;ENSG00000113621; BUG; MKS14; UNQ335; C5orf14"
"Medulloblastoma","MDB","155255","10192393, 10666372",1499,"CTNNB1","116806","arm","Basal Body","21602792","CTNNB1;CTNNB1;ENSG00000168036; EVR7; CTNNB; MRD19; NEDSDV; armadillo"
"Medulloblastoma","MDB","155255","9931336",8643,"PTCH2","603673","ptc","Cilia","23900540","PTCH2;PTCH2;ENSG00000117425; PTC2"
"Medulloblastoma","MDB","155255","15689453",675,"BRCA2","600185","Brca2","Nucleoplasm,Cytosol","25613900","BRCA2;BRCA2;ENSG00000139618; FAD; FACD; FAD1; GLM3; BRCC2; FANCD; PNCA2; FANCD1; XRCC11; BROVCA2"
"Medulloblastoma","MDB","155255","32296180",8518,"ELP1","603722","Elp1","Nucleoplasm,Cytosol","25613900","ELP1;ELP1;ENSG00000070061; FD; DYS; IKAP; IKI3; TOT1; IKBKAP"
"Medulloblastoma","MDB","155255","19833601",51684,"SUFU","607035","Su(fu)","Cilia","16254602","SUFU;SUFU;ENSG00000107882; SUFUH; JBTS32; SUFUXL; PRO1280"
"Mental Retardation, Truncal Obesity, Retinal Dystrophy, and Micropenis","MORMS","610156","19668215",56623,"INPP5E","613037","INPP5E","Cilia, Axoneme","19668216, 19668216","INPP5E;INPP5E;ENSG00000148384; CPD4; CORS1; JBTS1; MORMS; PPI5PIV; pharbin"
"Nephronophthisis","NPHP7","611498","17618285",84662,"GLIS2","608539","sug","Cilia","17618285","GLIS2;GLIS2;ENSG00000126603; NKL; NPHP7"
"Nephronophthisis","NPHP9","613824","18199800",284086,"NEK8","609799","niki","Cilia","16267153, 23274954","NEK8;NEK8;ENSG00000160602; JCK; NPHP9; RHPD2; NEK12A"
"Nephronophthisis","NPHP11","613550","19508969",91147,"TMEM67","609884","CG15923","Transition Zone","21725307","TMEM67;TMEM67;ENSG00000164953; MKS3; JBTS6; NPHP11; TNEM67; MECKELIN"
"Nephronophthisis","NPHP13","614377","22019273",57728,"WDR19","608151","Oseg6","Axoneme","22019273","WDR19;WDR19;ENSG00000157796; ATD5; CED4; DYF-2; FAP66; ORF26; Oseg6; PWDMP; SRTD5; IFT144; NPHP13; SPGF72"
"Nephronophthisis","NPHP14","614844","22863007",23090,"ZNF423","604557","Oaz","Nucleoplasm","25613900","ZNF423;ZNF423;ENSG00000102935; OAZ; Roaz; hOAZ; Ebfaz; JBTS19; NPHP14; ZFP423; Zfp104"
"Nephronophthisis","NPHP15","614845","22863007",22897,"CEP164","614848","CG9170","Cilia","31492868","CEP164;CEP164;ENSG00000110274; NPHP15"
"Nephronophthisis","NPHP20","617271","28089251",23005,"MAPKBP1","616786","Wdr62","Nucleoplasm,Nucleoli,Nucleoli rim","25613900","MAPKBP1;MAPKBP1;ENSG00000137802; JNKBP1; NPHP20; JNKBP-1"
"Nephronophthisis","NPHPL1","613159","20179356",63929,"XPNPEP3","613553","CG9581","Mitochondria,Cytosol","25613900","XPNPEP3;XPNPEP3;ENSG00000196236; APP3; ICP55; NPHPL1"
"Nephronophthisis","NPHP","No MIM Number","34435324",57545,"CC2D2A","612013","Cc2d2a","Basal Body, Transition Zone","18950740, 22179047","CC2D2A;CC2D2A;ENSG00000048342; MKS6; RP93; JBTS9; COACH2"
"Nephronophthisis","NPHP","No MIM Number","30609407",56999,"ADAMTS9","605421","AdamTS-A
","Cilia","30814516",NA
"Nephronophthisis","NPHP","No MIM Number","31534065",10806,"SDCCAG8","613524","CG45105","Basal Body, Transition Zone","20835237","SDCCAG8;SDCCAG8;ENSG00000054282; BBS16; CCCAP; SLSN7; NPHP10; hCCCAP; HSPC085; NY-CO-8; CCCAP SLSN7"
"Nephronophthisis","NPHP","No MIM Number","32619255",80184,"CEP290","610142","cep290","Transition Zone","25859007","CEP290;CEP290;ENSG00000198707; CT87; MKS4; POC3; rd16; BBS14; JBTS5; LCA10; NPHP6; SLSN6; 3H11Ag"
"Orofaciodigital Syndrome","OFD4","258860","22883145",26123,"TCTN3","613847","tctn","Transition Zone","21725307","TCTN3;TCTN3;ENSG00000119977; OFD4; TECT3; JBTS18; C10orf61"
"Orofaciodigital Syndrome","OFD14","615948","24997988",26005,"C2CD3","615944","CG32425","Basal Body","19004860","C2CD3;C2CD3;ENSG00000168014; OFD14"
"Orofaciodigital Syndrome","OFD17","617926","27158779",27152,"INTU","610621","in","Basal Body","31564489","INTU;INTU;ENSG00000164066; INT; OFD17; PDZD6; PDZK6; SRTD20; CPLANE4"
"Orofaciodigital Syndrome","OFD18","617927","27060890",55081,"IFT57","606621","IFT57","Basal Body, Axoneme","21209331","IFT57;IFT57;ENSG00000114446; HIPPI; OFD18; MHS4R2; ESRRBL1"
"Pallister-Hall Syndrome","PHS","146510","9054938",2737,"GLI3","165240","ci","Cilia","16254602","GLI3;GLI3;ENSG00000106571; PHS; ACLS; GCPS; PAPA; PAPB; PAP-A; PAPA1; PPDIV; GLI3FL; GLI3-190"
"Primary Ciliary Dyskinesia","CILD1","244400","11231901",27019,"DNAI1","604366","CG9313","Not reported",NA,"DNAI1;DNAI1;ENSG00000122735; PCD; DIC1; ICS1; CILD1"
"Primary Ciliary Dyskinesia","CILD2","606763","22387996",352909,"DNAAF3","614566","CG17669","Nuclear bodies,Mitochondria","25613900","DNAAF3;DNAAF3;ENSG00000167646; PCD; DAB1; PF22; CILD2; C19orf51"
"Primary Ciliary Dyskinesia","CILD10","612518","19052621",55172,"DNAAF2","612517","Nop17l","Cytosol","25613900","DNAAF2;DNAAF2;ENSG00000165506; KTU; PF13; CILD10; C14orf104"
"Primary Ciliary Dyskinesia","CILD11","612649","19200523",345895,"RSPH4A","612647","Rsph4a","Axoneme","19200523, 25789548","RSPH4A;RSPH4A;ENSG00000111834; RSHL3; CILD11; RSPH6B; dJ412I7.1"
"Primary Ciliary Dyskinesia","CILD12","612650","19200523",221421,"RSPH9","612648","Rsph9","Axoneme","25789548","RSPH9;RSPH9;ENSG00000172426; CILD12; C6orf206; MRPS18AL1"
"Primary Ciliary Dyskinesia","CILD13","613193","19944400",123872,"DNAAF1","613190","dtr","Basal Body","29228333","DNAAF1;DNAAF1;ENSG00000154099; swt; DAU1; ODA7; CILD13; LRRC50"
"Primary Ciliary Dyskinesia","CILD14","613807","23255504",339829,"CCDC39","613798","CG17387","Axoneme","21131972","CCDC39;CCDC39;ENSG00000284862; FAP59; CFAP59; CILD14"
"Primary Ciliary Dyskinesia","CILD15","613808","23255504",55036,"CCDC40","613799","l(2)41Ab","Axoneme","21131974","CCDC40;CCDC40;ENSG00000141519; CILD15; FAP172; CFAP172"
"Primary Ciliary Dyskinesia","CILD17","614679","22581229",388389,"CCDC103","614677","CG13202","Axoneme","22581229","CCDC103;CCDC103;ENSG00000167131; SMH; PR46b; CILD17"
"Primary Ciliary Dyskinesia","CILD18","614874","23040496",54919,"DNAAF5","614864","HEATR2","Cilia","23040496","DNAAF5;DNAAF5;ENSG00000164818; CILD18; HEATR2"
"Primary Ciliary Dyskinesia","CILD21","615294","23354437",92749,"DRC1","615288","CG10958","Not reported",NA,"DRC1;DRC1;ENSG00000157856; CILD21; C2orf39; CCDC164"
"Primary Ciliary Dyskinesia","CILD22","615444","23891471, 23891469",51364,"ZMYND10","607070","Zmynd10","Axoneme, Basal Body","23891469","ZMYND10;ZMYND10;ENSG00000004838; BLU; FLU; CILD22; DNAAF7"
"Primary Ciliary Dyskinesia","CILD23","615451","23849778",55130,"ODAD2","615408","gudu","Axoneme","23849778","ODAD2;ODAD2;ENSG00000169126; gudu; ARMC4; CILD23"
"Primary Ciliary Dyskinesia","CILD24","615481","23993197",89765,"RSPH1","609314","Rsph1","Cilia","23993197","RSPH1;RSPH1;ENSG00000160188; CT79; TSA2; RSP44; TSGA2; RSPH10A"
"Primary Ciliary Dyskinesia","CILD25","615482","23872636",161582,"DNAAF4","608706","CG14921","Cilia, Basal Body","27451412, 23872636","DNAAF4;DNAAF4;ENSG00000256061; RD; DYX1; EKN1; DYXC1; CILD25; DYX1C1"
"Primary Ciliary Dyskinesia","CILD26","615500","24094744",56683,"CFAP298","615494","CG18675","Not reported",NA,"CFAP298;CFAP298;ENSG00000159079; Kur; FBB18; CILD26; DNAAF16; C21orf48; C21orf59"
"Primary Ciliary Dyskinesia","CILD27","615504","23991085, 24094744",85478,"CCDC65","611088","CG30259","Cilia","23991085","CCDC65;CCDC65;ENSG00000139537; DRC2; FAP250; CFAP250; NYD-SP28"
"Primary Ciliary Dyskinesia","CILD28","615505","24055112",6674,"SPAG1","603395","Spag1","Cytosol","25613900","SPAG1;SPAG1;ENSG00000104450; SP75; TPIS; CT140; CILD28; DNAAF13; HSD-3.8; HEL-S-268"
"Primary Ciliary Dyskinesia","CILD30","616037","25224326",115948,"ODAD3","615956","CCDC151","Axoneme","25192045","ODAD3;ODAD3;ENSG00000198003; ODA10; CILD30; CCDC151"
"Primary Ciliary Dyskinesia","CILD32","616481","26073779",83861,"RSPH3","615876","Rsph3","Cilia","26073779","RSPH3;RSPH3;ENSG00000130363; RSP3; RSHL2; CILD32; dJ111C20.1"
"Primary Ciliary Dyskinesia","CILD33","616726","26387594",2622,"GAS8","605178","Gas8","Axoneme","21131972","GAS8;GAS8;ENSG00000141013; DRC4; GAS11; CILD33"
"Primary Ciliary Dyskinesia","CILD34","617091","27486783",374407,"DNAJB13","610263","CG12020","Axoneme","19919626, 27486783","DNAJB13;DNAJB13;ENSG00000187726; CILD34; TSARG5; TSARG6; RSPH16A"
"Primary Ciliary Dyskinesia","CILD35","617092","27486780",83538,"ODAD4","617095","CG13502","Axoneme","27486780","ODAD4;ODAD4;ENSG00000204815; TTC25"
"Primary Ciliary Dyskinesia","CILD36","300991","28041644",139212,"DNAAF6","300933","CG5048","Not reported",NA,"DNAAF6;DNAAF6;ENSG00000080572; CILD36; PIH1D3; CXorf41; NYSAR97; TWISTER"
"Primary Ciliary Dyskinesia","CILD39","618254","30388400",115399,"LRRC56","618227","CG14185","Cilia, Axoneme *","30388400","LRRC56;LRRC56;ENSG00000161328; CILD39; DNAAF12"
"Primary Ciliary Dyskinesia","CILD46","619436","28543983",27148,"STK36","607652","fu","Cilia","23907739","STK36;STK36;ENSG00000163482; FU; CILD46"
"Primary Ciliary Dyskinesia","CILD47","619466","34077761",7161,"TP73","601990","p53","Nucleoplasm,Golgi apparatus","25613900","TP73;TP73;ENSG00000078900; P73; CILD47"
"Primary Ciliary Dyskinesia","CILD","No MIM Number","32185794, 31479451",8382,"NME5","603575","CG15547","Cilia","26073779","NME5;NME5;ENSG00000112981; NM23H5; RSPH23; NM23-H5"
"Primary Ciliary Dyskinesia","CILD","No MIM Number","33916973",29922,"NME7","613465","nmdyn-D7
","Basal Body","21289087","NME7;NME7;ENSG00000143156; NDK7; NDK 7; CFAP67; MN23H7; nm23-H7"
"Primary Ciliary Dyskinesia","CILD","No MIM Number","33628615",56912,"IFT46","No MIM Number","IFT46
","Basal Body","25722189","IFT46;IFT46;ENSG00000118096; CFAP32; C11orf2; C11orf60"
"Primary Ciliary Dyskinesia","CILD","No MIM Number","32376681",154313,"CFAP206","No MIM Number","CG13436
","Basal Body, Cilia","32376681","CFAP206;CFAP206;ENSG00000272514; C6orf165; dJ382I10.1"
"Primary Ciliary Dyskinesia","CILD","No MIM Number","32124190",83861,"RSPH3","615876","Rsph3
","Cilia","26073779","RSPH3;RSPH3;ENSG00000130363; RSP3; RSHL2; CILD32; dJ111C20.1"
"Primary Ciliary Dyskinesia","CILD","No MIM Number","(Shamseldin, Hanan E et al., 2020)",22897,"CEP164","614848","CG9170
","Cilia","31492868","CEP164;CEP164;ENSG00000110274; NPHP15"
"Primary Ciliary Dyskinesia","CILD","No MIM Number","31835165",1394,"CRHR1","122561","Dh44-R1
","Not reported",NA,"CRHR1;CRHR1;ENSG00000120088; CRF1; CRHR; CRF-R; CRFR1; CRF-R1; CRFR-1; CRH-R1; CRHR1L; CRF-R-1; CRH-R-1"
"Primary Ciliary Dyskinesia","CILD","No MIM Number","11877439",56171,"DNAH7","610061","Dhc36C
","Cytosol","25613900",NA
"Primary Ciliary Dyskinesia","CILD","No MIM Number","35637434",83657,"DYNLRB2","607168","robl","Not reported",NA,"DYNLRB2;DYNLRB2;ENSG00000168589; DNCL2B; DNLC2B; ROBLD2"
"Primary Ciliary Dyskinesia","CILD","No MIM Number","35637434",83657,"DYNLRB2","607168","robl22E
","Not reported",NA,"DYNLRB2;DYNLRB2;ENSG00000168589; DNCL2B; DNLC2B; ROBLD2"
"Primary Ciliary Dyskinesia","CILD","No MIM Number","35637434",83657,"DYNLRB2","607168","CG31275
","Not reported",NA,"DYNLRB2;DYNLRB2;ENSG00000168589; DNCL2B; DNLC2B; ROBLD2"
"Primary Ciliary Dyskinesia","CILD","No MIM Number","35637434",83657,"DYNLRB2","607168","robl62A
","Not reported",NA,"DYNLRB2;DYNLRB2;ENSG00000168589; DNCL2B; DNLC2B; ROBLD2"
"Primary Ciliary Dyskinesia","CILD","No MIM Number","33389130",54014,"BRWD1","617824","BRWD3","Axoneme *","33389130","BRWD1;BRWD1;ENSG00000185658; N143; WDR9; WRD9; DCAF19; C21orf107"
"Renal-hepatic-pancreatic Dysplasia","RHPD2","615415","23418306",284086,"NEK8","609799","niki","Cilia","16267153, 23274954","NEK8;NEK8;ENSG00000160602; JCK; NPHP9; RHPD2; NEK12A"
"Renal-hepatic-pancreatic Dysplasia","RHPD","No MIM Number","33129895",51726,"DNAJB11","611341","shv","Endoplasmic reticulum","25613900","DNAJB11;DNAJB11;ENSG00000090520; DJ9; EDJ; Dj-9; ERj3; PKD6; ABBP2; ERdj3; ERj3p; ABBP-2; UNQ537; PRO1080"
"Retinitis pigmentosa","RP3","300029","10932196",6103,"RPGR","312610","CG33288","Transition Zone, Axoneme, Basal Body","12766038, 16043481","RPGR;RPGR;ENSG00000156313; CRD; RP3; COD1; PCDX; RP15; XLRP3; orf15; CORDX1"
"Retinitis pigmentosa","RP10","180105","11875050",3614,"IMPDH1","146690","ras","Cytosol,Rods & Rings","25613900","IMPDH1;IMPDH1;ENSG00000106348; IMPD; RP10; IMPD1; LCA11; IMPDH-I; sWSS2608"
"Retinitis pigmentosa","RP11","600138","11545739",26121,"PRPF31","606419","Prp31","Cilia","30967900","PRPF31;PRPF31;ENSG00000105618; RP11; PRP31; SNRNP61; NY-BR-99"
"Retinitis pigmentosa","RP12","600105","10508521",23418,"CRB1","604210","crb","Vesicles","25613900","CRB1;CRB1;ENSG00000134376; LCA8; RP12; CRB1-A; CRB1-B; CRB1-C"
"Retinitis pigmentosa","RP18","601414","11773002",26121,"PRPF31","606419","Prp31","Cilia","30967900","PRPF31;PRPF31;ENSG00000105618; RP11; PRP31; SNRNP61; NY-BR-99"
"Retinitis pigmentosa","RP20","613794","9501220",6121,"RPE65","180069","ninaB","Not reported",NA,"RPE65;RPE65;ENSG00000116745; p63; BCO3; LCA2; RP20; rd12; mRPE65; sRPE65"
"Retinitis pigmentosa","RP25","602772","18836446, 18976725",346007,"EYS","612424","eys","Axoneme","27846257","EYS;EYS;ENSG00000188107; RP25; SPAM; EGFL10; EGFL11; C6orf178; C6orf179; C6orf180; bA74E24.1; dJ22I17.2; bA166P24.2; bA307F22.3; dJ1018A4.2; dJ303F19.1"
"Retinitis pigmentosa","RP28","606068","20705279, 20705278",84140,"FAM161A","613596","CG1113","Cilia, Basal Body","22940612","FAM161A;FAM161A;ENSG00000170264; RP28"
"Retinitis pigmentosa","RP30","607921","11527955",25794,"FSCN2","607643","sn","Cilia","20660251","FSCN2;FSCN2;ENSG00000186765; RFSN; RP30"
"Retinitis pigmentosa","RP33","610359","19878916",23020,"SNRNP200","601664","l(3)72Ab","Cilia","30967900","SNRNP200;SNRNP200;ENSG00000144028; BRR2; RP33; HELIC2; ASCC3L1; U5-200KD"
"Retinitis pigmentosa","RP37","611131","17564971, 18294254",10002,"NR2E3","604485","Hr51","Not reported",NA,"NR2E3;NR2E3;ENSG00000278570; PNR; RNR; rd7; ESCS; RP37"
"Retinitis pigmentosa","RP45","613767","11379879",1258,"CNGB1","600724","CngB","Vesicles,Cytosol","25613900","CNGB1;CNGB1;ENSG00000070729; CNG4; GAR1; GARP; RP45; CNCG2; CNCG4; GARP2; RCNC2; RCNCb; CNCG3L; CNGB1B; RCNCbeta"
"Retinitis pigmentosa","RP46","612572","31736247",3420,"IDH3B","604526","Idh3b","Mitochondria","25613900","IDH3B;IDH3B;ENSG00000101365; RP46"
"Retinitis pigmentosa","RP51","613464","26195043",123016,"TTC8","608132","BBS8","Basal Body","14520415","TTC8;TTC8;ENSG00000165533; BBS8; RP51"
"Retinitis pigmentosa","RP55","613575","19956407, 31736247",84100,"ARL6","608845","Arl6","Basal Body, Transition Zone","15314642","ARL6;ARL6;ENSG00000113966; BBS3; RP55"
"Retinitis pigmentosa","RP59","613861","21295282, 10.1016/j.ajhg.2011.01.001",79947,"DHDDS","608172","CG10778","Plasma membrane","25613900","DHDDS;DHDDS;ENSG00000117682; DS; CIT; CPT; HDS; RP59; hCIT; DEDSM"
"Retinitis pigmentosa","RP60","613983","21549338",24148,"PRPF6","613979","CG6841","Basal Body, Transition Zone","26167768","PRPF6;PRPF6;ENSG00000101161; TOM; ANT1; Prp6; RP60; ANT-1; hPrp6; U5-102K; C20orf14; SNRNP102"
"Retinitis pigmentosa","RP61","614180","21310491",7401,"CLRN1","606397","CG1103","Cilia","19539019","CLRN1;CLRN1;ENSG00000163646; RP61; USH3; USH3A"
"Retinitis pigmentosa","RP65","613660","20087419",92211,"CDHR1","609502","Cad86C","Cilia","33330480","CDHR1;CDHR1;ENSG00000148600; RP65; PRCAD; CORD15; PCDH21"
"Retinitis pigmentosa","RP67","615565","24043777",4751,"NEK2","604043","Nek2","Basal Body","22613497","NEK2;NEK2;ENSG00000117650; NLK1; RP67; NEK2A; HsPK21; PPP1R111"
"Retinitis pigmentosa","RP68","615725","24670872",57709,"SLC7A14","615720","CG12531","Nucleoplasm,Vesicles,Plasma membrane,Cytosol","25613900","SLC7A14;SLC7A14;ENSG00000013293; PPP1R142"
"Retinitis pigmentosa","RP70","615922","24419317",9128,"PRPF4","607795","U4-U6-60K","Cilia","30967900","PRPF4;PRPF4;ENSG00000136875; PRP4; RP70; HPRP4; Prp4p; HPRP4P; SNRNP60"
"Retinitis pigmentosa","RP71","616394","25168386",26160,"IFT172","607386","Oseg2","Cilia, Axoneme","15137945, 24140113","IFT172;IFT172;ENSG00000138002; SLB; wim; RP71; BBS20; osm-1; NPHP17; SRTD10"
"Retinitis pigmentosa","RP72","616469","25882705",79797,"ZNF408","616454","CG32772","Centriolar satellite,Cytosol","25613900","ZNF408;ZNF408;ENSG00000175213; EVR6; RP72"
"Retinitis pigmentosa","RP73","616544","25859010",138050,"HGSNAT","610453","CG6903","Not reported",NA,"HGSNAT;HGSNAT;ENSG00000165102; RP73; HGNAT; MPS3C; TMEM76"
"Retinitis pigmentosa","RP78","617433","28132693",23370,"ARHGEF18","616432","cyst","Basal Body","https://repositories.lib.utexas.edu/handle/2152/63460","ARHGEF18;ARHGEF18;ENSG00000104880; RP78; SA-RhoGEF; p114RhoGEF; P114-RhoGEF"
"Retinitis pigmentosa","RP80","617781","26216056, 26968735",9742,"IFT140","614620","rempA","Transition Zone, Axoneme","23141541","IFT140;IFT140;ENSG00000187535; RP80; MZSDS; SRTD9; WDTC2; gs114; c305C8.4; c380F5.1"
"Retinitis pigmentosa","RP81","617871","28973684",112752,"IFT43","614068","IFT43","Basal Body","25243405","IFT43;IFT43;ENSG00000119650; CED3; RP81; SRTD18; C14orf179"
"Retinitis pigmentosa","RP83","618173","26964041",403,"ARL3","604695","dnd","Cilia","30952667","ARL3;ARL3;ENSG00000138175; RP83; ARFL3; JBTS35"
"Retinitis pigmentosa","RP84","618220","24737827",9785,"DHX38","605584","l(1)G0007","Nucleoplasm","25613900","DHX38;DHX38;ENSG00000140829; RP84; DDX38; PRP16; PRPF16"
"Retinitis pigmentosa","RP85","618345","29726989",196,"AHR","600253","ss","Nucleoplasm,Cytosol","25613900","AHR;AHR;ENSG00000106546; RP85; bHLHe76"
"Retinitis pigmentosa","RP87","618697","21654732",6121,"RPE65","180069","ninaB","Not reported",NA,"RPE65;RPE65;ENSG00000116745; p63; BCO3; LCA2; RP20; rd12; mRPE65; sRPE65"
"Retinitis pigmentosa","RP89","618955","32386558",9371,"KIF3B","603754","Klp68D","Axoneme","10548469","KIF3B;KIF3B;ENSG00000101350; FLA8; RP89; HH0048; KLP-11"
"Retinitis Pigmentosa","RP","No MIM Number","32208788",80184,"CEP290","610142","cep290","Transition Zone",NA,"CEP290;CEP290;ENSG00000198707; CT87; MKS4; POC3; rd16; BBS14; JBTS5; LCA10; NPHP6; SLSN6; 3H11Ag"
"Retinitis Pigmentosa","RP","No MIM Number","33910932",582,"BBS1","209901","BBS1
","Cilia","32759308","BBS1;BBS1;ENSG00000174483; BBS2L2"
"Retinitis Pigmentosa","RP","No MIM Number","35246562",29105,"CFAP20","617906","Bug22
","Cilia, Basal Body","20118210","CFAP20;CFAP20;ENSG00000070761; GTL3; BUG22; EVORF; fSAP23; C16orf80"
"RHYNS  Syndrome","RHYNS","602152","29891882",91147,"TMEM67","609884","CG15923","Transition Zone","21725307","TMEM67;TMEM67;ENSG00000164953; MKS3; JBTS6; NPHP11; TNEM67; MECKELIN"
"Senior-Loken Syndrome","SLSN5","609254","15723066, 21220633",9657,"IQCB1","609237","CG43796","Transition Zone","15723066","IQCB1;IQCB1;ENSG00000173226; PIQ; NPHP5; SLSN5"
"Senior-Loken Syndrome","SLSN6","610189","16682973",80184,"CEP290","610142","cep290","Transition Zone","25859007","CEP290;CEP290;ENSG00000198707; CT87; MKS4; POC3; rd16; BBS14; JBTS5; LCA10; NPHP6; SLSN6; 3H11Ag"
"Senior-Loken Syndrome","SLSN7","613615","20835237",10806,"SDCCAG8","613524","CG45105","Basal Body, Transition Zone","20835237","SDCCAG8;SDCCAG8;ENSG00000054282; BBS16; CCCAP; SLSN7; NPHP10; hCCCAP; HSPC085; NY-CO-8; CCCAP SLSN7"
"Senior-Loken Syndrome","SLSN8","616307","23683095",57728,"WDR19","608151","Oseg6","Axoneme","22019273","WDR19;WDR19;ENSG00000157796; ATD5; CED4; DYF-2; FAP66; ORF26; Oseg6; PWDMP; SRTD5; IFT144; NPHP13; SPGF72"
"Senior-Loken Syndrome","SLSN9","616629","26487268",26146,"TRAF3IP1","607380","IFT54","Cilia, Transition Zone","19253336, 26487268","TRAF3IP1;TRAF3IP1;ENSG00000204104; IFT54; MIPT3; SLSN9; FAP116; MIP-T3"
"Short Stature, Onychodysplasia, Facial Dysmorphism, and Hypotrichosis","SOFT","614813","22840363",25886,"POC1A","614783","Poc1","Not reported",NA,"POC1A;POC1A;ENSG00000164087; PIX2; SOFT; WDR51A"
"Short-rib Thoracic Dysplasia","SRTD2","611263","17468754",57560,"IFT80","611177","Oseg5","Cilia, Basal Body","15137945, 17468754","IFT80;IFT80;ENSG00000068885; ATD2; SRTD2; WDR56; FAP167"
"Short-rib Thoracic Dysplasia","SRTD3","613091","23456818",79659,"DYNC2H1","603297","btv","Nucleoplasm,Mitochondria,Cytosol","25613900","DYNC2H1;DYNC2H1;ENSG00000187240; ATD3; DHC2; DHC1b; DNCH2; DYH1B; SRTD3; SRPS2B; hdhc11"
"Short-rib Thoracic Dysplasia","SRTD5","614376","19430947, 22019273",57728,"WDR19","608151","Oseg6","Axoneme","22019273","WDR19;WDR19;ENSG00000157796; ATD5; CED4; DYF-2; FAP66; ORF26; Oseg6; PWDMP; SRTD5; IFT144; NPHP13; SPGF72"
"Short-rib Thoracic Dysplasia","SRTD7","614091","21473986",57539,"WDR35","613602","Oseg4","Transisiton Zone, Basal Body, Axoneme","15137945, 10.1016/j.mod.2009.06.702","WDR35;WDR35;ENSG00000118965; CED2; IFTA1; SRTD7; FAP118; IFT121"
"Short-rib Thoracic Dysplasia","SRTD8","615503","23910462, 25492405",55112,"DYNC2I1","615462","CG15701","Cilia","23910462","DYNC2I1;DYNC2I1;ENSG00000126870; DIC6; SRPS6; SRTD8; WDR60; FAP163; CFAP163"
"Short-rib Thoracic Dysplasia","SRTD9","266920","23418020",9742,"IFT140","614620","rempA","Transition Zone, Axoneme","23141541","IFT140;IFT140;ENSG00000187535; RP80; MZSDS; SRTD9; WDTC2; gs114; c305C8.4; c380F5.1"
"Short-rib Thoracic Dysplasia","SRTD10","615630","24140113",26160,"IFT172","607386","Oseg2","Cilia, Axoneme","15137945, 24140113","IFT172;IFT172;ENSG00000138002; SLB; wim; RP71; BBS20; osm-1; NPHP17; SRTD10"
"Short-rib Thoracic Dysplasia","SRTD13","616300","25361962",153241,"CEP120","613446","rha","Basal Body","20956381","CEP120;CEP120;ENSG00000168944; JBTS31; SRTD13; CCDC100"
"Short-rib Thoracic Dysplasia","SRTD15","617088","26077881",51626,"DYNC2LI1","617083","CG3769","Basal Body, Transition Zone","26130459","DYNC2LI1;DYNC2LI1;ENSG00000138036; LIC3; D2LIC; CGI-60"
"Short-rib Thoracic Dysplasia","SRTD16","617102","26880018, 27466190",51098,"IFT52","617094","IFT52","Basal Body","11676918","IFT52;IFT52;ENSG00000101052; NGD2; NGD5; CGI-53; C20orf9"
"Short-rib Thoracic Dysplasia","SRTD18","617866","28400947",112752,"IFT43","614068","IFT43","Basal Body","25243405","IFT43;IFT43;ENSG00000119650; CED3; RP81; SRTD18; C14orf179"
"Short-rib Thoracic Dysplasia","SRTD20","617925","27158779",27152,"INTU","610621","in","Basal Body","31564489","INTU;INTU;ENSG00000164066; INT; OFD17; PDZD6; PDZK6; SRTD20; CPLANE4"
"Short-rib Thoracic Dysplasia - Jeune Asphyxiating Thoracic Dysplasia (JATD)","SRTD","No MIM Number","33200460",156,"GRK2","109635","Gprk1
","Cytosol","25613900","GRK2;GRK2;ENSG00000173020; BARK1; ADRBK1; BETA-ARK1"
"Spinocerebellar Ataxia","SCA1","164400","17190598",6310,"ATXN1","601556","Atx-1","Nucleoplasm,Nucleoli,Cytosol","25613900","ATXN1;ATXN1;ENSG00000124788; ATX1; SCA1; D6S504E"
"Spinocerebellar Ataxia","SCA2","183090","8896555",6311,"ATXN2","601517","Atx2","Cytosol","25613900","ATXN2;ATXN2;ENSG00000204842; ATX2; SCA2; TNRC13"
"Spinocerebellar Ataxia","SCA5","600224","16429157",6712,"SPTBN2","604985","beta-Spec","Vesicles,Plasma membrane,Cytosol","25613900","SPTBN2;SPTBN2;ENSG00000173898; SCA5; SCAR14; GTRAP41"
"Spinocerebellar Ataxia","SCA7","164500","11030806",6314,"ATXN7","607640","Atxn7","Cilia","31432449","ATXN7;ATXN7;ENSG00000163635; SCA7; OPCA3; SGF73; ADCAII"
"Spinocerebellar Ataxia","SCA10","603516","11017075",25814,"ATXN10","611150","CG4975","Cilia","10.1101/2021.04.29.441883","ATXN10;ATXN10;ENSG00000130638; E46L; ATX10; SCA10; HUMEEP"
"Spinocerebellar Ataxia","SCA11","604432","18037885",146057,"TTBK2","611695","Asator","Transition Zone","23141541","TTBK2;TTBK2;ENSG00000128881; TTBK; SCA11"
"Spinocerebellar Ataxia","SCA13","605259","16501573",3748,"KCNC3","176264","Shawl","Cilia","33688626","KCNC3;KCNC3;ENSG00000131398; KV3.3; SCA13; KSHIIID"
"Spinocerebellar Ataxia","SCA15","606658","17590087",3708,"ITPR1","147265","Itpr","Vesicles","25613900","ITPR1;ITPR1;ENSG00000150995; ACV; CLA4; IP3R; IP3R1; SCA15; SCA16; SCA29; INSP3R1; PPP1R94"
"Spinocerebellar Ataxia","SCA26","609306","23001565",1938,"eEF2","130610","eEF2","Plasma membrane,Cytosol","25613900","EEF2;eEF2;ENSG00000167658; EF2; EF-2; EEF-2; SCA26"
"Spinocerebellar Ataxia","SCA28","610246","16251216, 20208537",10939,"AFG3L2","604581","CG6512","Mitochondria","25613900","AFG3L2;AFG3L2;ENSG00000141385; OPA12; SCA28; SPAX5"
"Spinocerebellar Ataxia","SCA29","117360","22986007",3708,"ITPR1","147265","Itpr","Vesicles","25613900","ITPR1;ITPR1;ENSG00000150995; ACV; CLA4; IP3R; IP3R1; SCA15; SCA16; SCA29; INSP3R1; PPP1R94"
"Spinocerebellar Ataxia","SCA36","614153","21683323",10528,"NOP56","614154","Nop56","Nucleoli fibrillar center","25613900","NOP56;NOP56;ENSG00000101361; NOL5A; SCA36"
"Spinocerebellar Ataxia","SCA37","615945","28686858",1600,"DAB1","603448","Dab","Vesicles","25613900","DAB1;DAB1;ENSG00000173406; SCA37"
"Spinocerebellar Ataxia","SCA48","618093","30381368",10273,"STUB1","607207","STUB1","Nucleoplasm,Cytosol","25613900","STUB1;STUB1;ENSG00000103266; CHIP; SCA48; UBOX1; SCAR16; HSPABP2; NY-CO-7; SDCCAG7"
"Spinocerebellar Ataxia","SCAN1","607250","12244316",55775,"TDP1","607198","gkt","Nucleoplasm,Plasma membrane","25613900",NA
"Spinocerebellar Ataxia","SCAN2","606002","14770181",23064,"Setx","608465","CG7504","Nucleoplasm,Cytokinetic bridge","25613900","SETX;Setx;ENSG00000107290; ALS4; AOA2; STEX; Sen1; SCAN2; SCAR1; bA479K20.2"
"Spinocerebellar Ataxia","SCAN3","618387","29718187",65260,"COA7","615623","Coa7","Nucleoplasm,Mitochondria","25613900","COA7;COA7;ENSG00000162377; RESA1; SCAN3; SELRC1; C1orf163"
"STAR Syndrome","STAR","300707","28225384",92002,"CCNQ","300708","koko","Nucleoplasm,Cytosol","25613900","CCNQ;CCNQ;ENSG00000262919; CycM; FAM58A"
"Stromme Syndrome","STROMS","243605","26820108",1063,"CENPF","600236","lva","Axoneme, Basal Body","25564561","CENPF;CENPF;ENSG00000117724; CENF; hcp-1; CILD31; STROMS; PRO1779"
"Townes-Brocks Syndrome","TBS1","107480","29395072",6299,"SALL1","602218","salr","Nucleoplasm,Nucleoli,Nuclear speckles,Cytosol","25613900","SALL1;SALL1;ENSG00000103449; TBS; HSAL1; Sal-1; ZNF794; HEL-S-89"
"Townes-Brocks Syndrome","TBS1","107480","29395072",6299,"SALL1","602218","salm","Nucleoplasm,Nucleoli,Nuclear speckles,Cytosol","25613900","SALL1;SALL1;ENSG00000103449; TBS; HSAL1; Sal-1; ZNF794; HEL-S-89"
"Usher Syndrome","USH1C","276904","10973247",10083,"USH1C","605242","CG5921","Cytosol","25613900","USH1C;USH1C;ENSG00000006611; PDZ73; AIE-75; DFNB18; PDZ-45; PDZ-73; PDZD7C; DFNB18A; NY-CO-37; NY-CO-38; ush1cpst; PDZ-73/NY-CO-38"
"Usher Syndrome","USH1F","602083","11398101",65217,"PCDH15","605514","Cad99C","Cilia","21156003","PCDH15;PCDH15;ENSG00000150275; USH1F; CDHR15; DFNB23"
"Usher Syndrome","USH1G","606943","12588794",124590,"USH1G","607696","Sans","Cilia, Transition Zone","28137943, 31637240","USH1G;USH1G;ENSG00000182040; SANS; ANKS4A"
"Usher Syndrome","USH1J","614869","23023331",10518,"CIB2","605564","Cib2","Cilia","26173970","CIB2;CIB2;ENSG00000136425; KIP2; USH1J; DFNB48"
"Usher Syndrome","USH2D","611383","17171570",25861,"WHRN","607928","dysc","Cilia","12833159","WHRN;WHRN;ENSG00000095397; WI; CIP98; USH2D; DFNB31; PDZD7B"
"Usher Syndrome","USH3A","276902","15521980",7401,"CLRN1","606397","CG1103","Cilia","19539019","CLRN1;CLRN1;ENSG00000163646; RP61; USH3; USH3A"
"Usher Syndrome","USH3B","614504","22279524",3035,"HARS1","142810","HisRS","Cytosol","25613900","HARS1;HARS1;ENSG00000170445; HRS; HARS; CMT2W; USH3B"
"Visceral Heterotaxy","HTX2","605376","11062482",55997,"CFC1","605194","CG9572","Not reported",NA,"CFC1;CFC1;ENSG00000136698; HTX2; CFC1B; DTGA2; CRYPTIC"
"Visceral Heterotaxy","HTX4","613751","9916847",93,"ACVR2B","602730","put","Not reported",NA,"ACVR2B;ACVR2B;ENSG00000114739; HTX4; ACTRIIB; ActR-IIB"
"Visceral Heterotaxy","HTX6","614779","22577226, 25504577",220136,"CFAP53","614759","CG13955","Cilia, Axoneme","33347437","CFAP53;CFAP53;ENSG00000172361; HTX6; CCDC11"
"Visceral Heterotaxy","HTX9","618948","30148830",55329,"MNS1","610766","CG7352","Axoneme","30148830","MNS1;MNS1;ENSG00000138587; HTX9; SPATA40"
"Visceral Heterotaxy","HTX10","619607","33139725",146845,"CFAP52","609804","CG10064","Basal Body","32859975","CFAP52;CFAP52;ENSG00000166596; HTX10; WDR16; WDRPUH"
"Visceral Heterotaxy","HTX","No MIM Number","33196317",54862,"CC2D1A","610055","l(2)gd1","Nucleoli fibrillar center,Plasma membrane,Cytosol","25613900","CC2D1A;CC2D1A;ENSG00000132024; Lgd2; MRT3; TAPE; Aki-1; FREUD-1; Freud-1/Aki1"
